kind,path,id,title,level,subject,topic,difficulty,exerciseCount,repeatTotal,lengthFlag,types,generators,class
application,fr/applications/cp/maths/calcul/addition-facile,b1c2d3e4,Addition facile,CP,maths,calcul,facile,1,10,,number-check,additionFacile,S1.1.1
application,fr/applications/cp/maths/calcul/ajouter-10,cafd4a96,Ajouter ou enlever 10,CP,maths,calcul,facile,1,10,,number-check,ajouterSoustraire10,S1.1.3
application,fr/applications/cp/maths/calcul/complements-10,af07bda0,Compléments à 10,CP,maths,calcul,facile,1,10,,number-check,complements10,S1.1.2
application,fr/applications/cp/maths/calcul/decodage-emojis,f9cd979c,Décodage d'Emojis,CP,maths,calcul,facile,1,8,,number-check,decodageEmojis,S2.1.4
application,fr/applications/cp/maths/calcul/doubles-moities,e28bdf32,Doubles et moitiés,CP,maths,calcul,facile,1,10,,number-check,doublesMoities,S1.1.2
application,fr/applications/cp/maths/calcul/grouper-10-01,f898081c,Grouper pour faire 10,CP,maths,calcul,facile,1,10,,number-check,grouper10,S1.1.2
application,fr/applications/cp/maths/calcul/soustraction-facile,f5a6b7c8,Soustraction facile,CP,maths,calcul,facile,1,10,,number-check,soustractionFacile,S1.1.1
application,fr/applications/cp/maths/calcul/tables-addition,f2221a62,Tables d'addition,CP,maths,calcul,facile,1,12,,number-check,tablesAdditionCP,S1.1.1
application,fr/applications/cp/maths/calcul/tables-soustraction,e78474b5,Tables de soustraction,CP,maths,calcul,facile,1,12,,number-check,tablesSoustractionCP,S1.1.1
defi,fr/defis/cp/maths/calcul/calcul-rapide-01,b325ed56,Calcul rapide,CP,maths,calcul,facile,1,60,too-long,number-check,fluencyMix,S1.1.1
exercice,fr/exercices/cp/maths/calcul/bases-01,dc949eb2,Opérations de base,CP,maths,calcul,facile,2,2,,number-check,,S1.1.1
exercice,fr/exercices/cp/maths/calcul/comparer-expressions-01,b9d19972,Comparer des additions sans calculer,CP,maths,calcul,facile,4,4,,compare-expressions,,S1.1.1
exercice,fr/exercices/cp/maths/calcul/complement-10-01,d809b5df,Les compléments à 10,CP,maths,calcul,facile,9,9,,number-check,,S1.1.2
exercice,fr/exercices/cp/maths/calcul/doubles-01,e00d0976,Les doubles,CP,maths,calcul,facile,8,8,,number-check,,S1.1.2
exercice,fr/exercices/cp/maths/calcul/liens-numeriques-01,d2fd2d9e,Décomposer en arbre,CP,maths,calcul,facile,5,5,,number-check,,S1.1.1
exercice,fr/exercices/cp/maths/calcul/pose-addition-01,a6f99048,Additions posées sans retenue,CP,maths,calcul,facile,5,5,,column-op,,S1.1.1
exercice,fr/exercices/cp/maths/calcul/pyramides-01,cff7c3e5,Pyramides d'additions,CP,maths,calcul,facile,5,5,,pyramid,,S1.2.2
exercice,fr/exercices/cp/maths/calcul/tables-addition-01,e4841d2d,Tables d'addition 1 à 5,CP,maths,calcul,facile,5,5,,number-check,,S1.1.1
exercice,fr/exercices/cp/maths/calcul/trous-add-01,b88e7469,Additions à trou,CP,maths,calcul,facile,5,5,,number-check,,S1.1.1
exercice,fr/exercices/cp/maths/calcul/trous-sous-01,beba8bb7,Soustractions à trou,CP,maths,calcul,facile,5,5,,number-check,,S1.1.1
exercice,fr/exercices/cp/maths/calcul/trouver-erreur-01,fe60ba8f,Corrige le résultat,CP,maths,calcul,facile,5,5,,error-analysis,,S1.1.1
application,fr/applications/cp/maths/calcul/grouper-10-02,e4368522,Grouper pour faire 10,CP,maths,calcul,moyen,1,12,,number-check,grouper10,S1.1.2
application,fr/applications/cp/maths/calcul/soustraction-trou,f674672e,Soustractions à trou,CP,maths,calcul,moyen,1,10,,number-check,soustractionTrou,S1.1.3
application,fr/applications/cp/maths/calcul/trous-addition-gen,d51a6fc1,Additions à trou,CP,maths,calcul,moyen,1,10,,number-check,additionTrou,S1.1.3
defi,fr/defis/cp/maths/calcul/calcul-rapide-02,f26da083,Calcul rapide,CP,maths,calcul,moyen,1,60,too-long,number-check,fluencyMix,S1.1.1
exercice,fr/exercices/cp/maths/calcul/mult-intro-01,b1cf9293,Introduction à la multiplication,CP,maths,calcul,moyen,5,5,,number-check,,S1.1.1
exercice,fr/exercices/cp/maths/calcul/mult-intro-02,a25dd5cc,Calculer une multiplication,CP,maths,calcul,moyen,5,5,,number-check,,S1.1.1
exercice,fr/exercices/cp/maths/calcul/mult-intro-03,d3d2ea1b,Écrire une multiplication,CP,maths,calcul,moyen,5,5,,number-check,,S1.1.1
exercice,fr/exercices/cp/maths/calcul/passage-par-10,e64b5527,Passe par 10,CP,maths,calcul,moyen,6,6,,calc-chain,,S1.1.1
exercice,fr/exercices/cp/maths/calcul/pose-addition-02,cd59eb7c,Additions posées avec retenue,CP,maths,calcul,moyen,5,5,,column-op,,S1.1.1
defi,fr/defis/cp/maths/calcul/calcul-rapide-03,ba420d39,Calcul rapide,CP,maths,calcul,difficile,1,60,too-long,number-check,fluencyMix,S1.1.1
exercice,fr/exercices/cp/maths/geometrie/figures-01,bb4ea68d,Les figures planes,CP,maths,geometrie,facile,5,5,,mcq,,S1.1.1
exercice,fr/exercices/cp/maths/geometrie/quadrillage-lire-01,c96bf18b,Lire des coordonnées,CP,maths,geometrie,facile,5,5,,coordinate-grid,,S1.1.1
exercice,fr/exercices/cp/maths/geometrie/solides-01,e79e169e,Les solides,CP,maths,geometrie,facile,3,3,,matching | true-false,,S2.1.1
exercice,fr/exercices/cp/maths/geometrie/symetrie-01,f0954c70,La symétrie,CP,maths,geometrie,facile,3,3,,true-false | mcq,,S1.1.1
exercice,fr/exercices/cp/maths/logique/suites-figurales-01,e1721603,Suites de figures,CP,maths,logique,facile,5,5,,mcq,,S3.2.1
exercice,fr/exercices/cp/maths/mesures/durees-01,d45be6a5,Jours et moments,CP,maths,mesures,facile,5,5,,mcq | matching | true-false,,I1.1.1
exercice,fr/exercices/cp/maths/mesures/longueurs-01,e00d4ed5,Mesurer avec une règle,CP,maths,mesures,facile,5,5,,ruler | mcq,,I1.1.2
exercice,fr/exercices/cp/maths/mesures/temperature-01,a36c76d0,La température,CP,maths,mesures,facile,5,5,,thermometer | matching | mcq | true-false,,I1.1.2
application,fr/applications/cp/maths/numeration/chasse-aux-nombres-01,f5b2d847,Chasse aux nombres 1 → 15,CP,maths,numeration,facile,1,6,,number-hunt,huntNombres,S2.1.1
application,fr/applications/cp/maths/numeration/chasse-nombres-01,eac95fa5,Chasse aux nombres,CP,maths,numeration,facile,1,6,,number-hunt,huntNombres,S3.2.1
application,fr/applications/cp/maths/numeration/coloriage-magique-01,e8cc9784,Coloriage nombres pairs,CP,maths,numeration,facile,2,5,,magic-color,magicColorGrid,S3.2.1
application,fr/applications/cp/maths/numeration/comparer-groupes-01,d1ee8411,Comparer des groupes,CP,maths,numeration,facile,1,8,,compare-groups,comparerGroupes,S3.1.1
application,fr/applications/cp/maths/numeration/comparer-nombres,d169e1aa,Comparer des nombres,CP,maths,numeration,facile,1,8,,tile-select,comparerNombres,S3.1.1
application,fr/applications/cp/maths/numeration/complement-10-01,cd396ab8,Compléter jusqu'à 10,CP,maths,numeration,facile,1,10,,count-objects,complementA10Emoji,S1.1.2
application,fr/applications/cp/maths/numeration/compter-de-n,fdcd10fa,Compter de N en N,CP,maths,numeration,facile,1,10,,sequence,compterDeN,S3.2.1
application,fr/applications/cp/maths/numeration/compter-objets-01,c2082e0e,Compter des objets,CP,maths,numeration,facile,1,8,,count-objects,compterObjets,S2.1.1
application,fr/applications/cp/maths/numeration/decompo-gen,fc3ad173,Dizaines et unités,CP,maths,numeration,facile,1,10,,number-check,decompositionBase10,S2.1.2
application,fr/applications/cp/maths/numeration/pair-ou-impair,db2e3961,Pair ou impair ?,CP,maths,numeration,facile,1,12,,number-check,pairOuImpair,S3.2.1
application,fr/applications/cp/maths/numeration/regle-graduee-gen,bb9d74ac,La règle graduée,CP,maths,numeration,facile,1,10,,ruler,ruler,S3.1.3
application,fr/applications/cp/maths/numeration/trier-nombres-01,f3447a61,Trier trois nombres,CP,maths,numeration,facile,1,8,,drag-sort,trierNombres,S3.1.2
exercice,fr/exercices/cp/maths/numeration/comparer-01,cb15795f,Comparer des nombres,CP,maths,numeration,facile,4,4,,compare,,S3.1.1
exercice,fr/exercices/cp/maths/numeration/decompo-20-01,a2ce60ce,Décomposer les nombres,CP,maths,numeration,facile,5,5,,number-check,,S2.1.3
exercice,fr/exercices/cp/maths/numeration/mots-01,daf40046,11 à 20 en lettres,CP,maths,numeration,facile,2,2,,matching,,S2.1.4
exercice,fr/exercices/cp/maths/numeration/pairs-impairs-01,ab91822c,Nombres pairs et impairs,CP,maths,numeration,facile,3,3,,true-false,,S3.2.3
exercice,fr/exercices/cp/maths/numeration/regle-graduee-01,cfec2046,Lecture sur la règle graduée,CP,maths,numeration,facile,5,5,,ruler,,I1.1.2
exercice,fr/exercices/cp/maths/numeration/suites-01,dc15cc4b,Suites de nombres,CP,maths,numeration,facile,5,5,,sequence,,S3.2.1
application,fr/applications/cp/maths/numeration/arrondir-dizaine,d5d4ec4f,Arrondir à la dizaine,CP,maths,numeration,moyen,1,10,,number-check,arrondirNombre,S3.1.2
application,fr/applications/cp/maths/numeration/chasse-aux-nombres-02,bda429a9,Chasse aux nombres 1 → 25,CP,maths,numeration,moyen,1,6,,number-hunt,huntNombres,S2.1.1
application,fr/applications/cp/maths/numeration/chasse-nombres-02,a717c38e,Chasse aux nombres,CP,maths,numeration,moyen,1,6,,number-hunt,huntNombres,S3.2.1
application,fr/applications/cp/maths/numeration/comparer-groupes-02,bc279f80,Comparer des groupes,CP,maths,numeration,moyen,1,10,,compare-groups,comparerGroupes,S3.1.1
application,fr/applications/cp/maths/numeration/complement-10-02,c38e29b2,Compléter jusqu'à 10,CP,maths,numeration,moyen,1,12,,number-check,complementA10Nombre,S1.1.2
application,fr/applications/cp/maths/numeration/compter-objets-02,d51139ca,Compter des objets,CP,maths,numeration,moyen,1,10,,count-objects,compterObjets,S2.1.1
application,fr/applications/cp/maths/numeration/trier-nombres-02,e44d7873,Trier cinq nombres,CP,maths,numeration,moyen,1,8,,drag-sort,trierNombres,S3.1.2
exercice,fr/exercices/cp/maths/numeration/decompo-100-01,feab9a9f,Dizaines et unités,CP,maths,numeration,moyen,5,5,,base-10,,S2.1.2
exercice,fr/exercices/cp/maths/numeration/decompo-100-02,fd72d04d,Dizaines et unités,CP,maths,numeration,moyen,6,6,,base-10,,S2.1.2
exercice,fr/exercices/cp/maths/numeration/encadrement-01,d2ad0e37,Encadrer à la dizaine,CP,maths,numeration,moyen,5,5,,bounding,,S1.1.1
application,fr/applications/cp/maths/numeration/compter-objets-03,dc242a5a,Compter des objets,CP,maths,numeration,difficile,1,10,,count-objects,compterObjets,S2.1.1
exercice,fr/exercices/cp/maths/problemes/comparaison-ecart-01,e0f1a2b3,Combien de plus ou moins ?,CP,maths,problemes,facile,5,5,,problem,,A3.1
exercice,fr/exercices/cp/maths/problemes/guided-a1,a85b9195,Composer des collections: guidé,CP,maths,problemes,facile,3,3,,guided-problem,,A1
exercice,fr/exercices/cp/maths/problemes/quotidien-01,c25790a9,Problèmes du quotidien,CP,maths,problemes,facile,2,2,,problem,,A2.1
exercice,fr/exercices/cp/maths/problemes/problemes-inverses,bf550a3f,Problèmes inverses,CP,maths,problemes,moyen,1,1,too-short,inverse-problem,,S2.2.2
application,fr/applications/ce1/maths/calcul/addition-1,b8d5306d,Table d'addition de 1,CE1,maths,calcul,facile,1,10,,number-check,additionFacile,S1.1.1
application,fr/applications/ce1/maths/calcul/addition-2,c664eaa1,Table d'addition de 2,CE1,maths,calcul,facile,1,10,,number-check,additionFacile,S1.1.1
application,fr/applications/ce1/maths/calcul/addition-3,efbb31a2,Table d'addition de 3,CE1,maths,calcul,facile,1,10,,number-check,additionFacile,S1.1.1
application,fr/applications/ce1/maths/calcul/addition-4,d5b12470,Table d'addition de 4,CE1,maths,calcul,facile,1,10,,number-check,additionFacile,S1.1.1
application,fr/applications/ce1/maths/calcul/addition-5,eb192211,Table d'addition de 5,CE1,maths,calcul,facile,1,10,,number-check,additionFacile,S1.1.1
application,fr/applications/ce1/maths/calcul/decodage-emojis,d25cdee2,Décodage d'Emojis,CE1,maths,calcul,facile,1,10,,number-check,decodageEmojis,S2.1.4
application,fr/applications/ce1/maths/calcul/doubles-moities,d4f7c81d,Doubles et moitiés,CE1,maths,calcul,facile,1,10,,number-check,doublesMoities,S1.1.2
application,fr/applications/ce1/maths/calcul/fruits-facile,a42fc2b1,Additions de fruits opérations,CE1,maths,calcul,facile,1,10,,number-check,comptageFruits,S2.1.4
application,fr/applications/ce1/maths/calcul/insectes-facile,c2943519,Compter et calculer,CE1,maths,calcul,facile,1,10,,number-check,comptageInsectes,S2.1.4
application,fr/applications/ce1/maths/calcul/machine-decouverte,d9f2b6e3,Machine mystère,CE1,maths,calcul,facile,1,4,,function-machine,functionMachineDiscover,S1.1.1
application,fr/applications/ce1/maths/calcul/machine-fonctions,b5e4c7a2,Machine à fonctions,CE1,maths,calcul,facile,1,5,,function-machine,functionMachineCompute,S1.1.1
application,fr/applications/ce1/maths/calcul/pyramides,a6988124,Pyramides d'additions,CE1,maths,calcul,facile,1,8,,pyramid,pyramideAdditions,S1.2.2
application,fr/applications/ce1/maths/calcul/soustraction-1,cc1287bd,Table de soustraction de 1,CE1,maths,calcul,facile,1,10,,number-check,soustractionFacile,S1.1.1
application,fr/applications/ce1/maths/calcul/soustraction-2,f8f47e92,Table de soustraction de 2,CE1,maths,calcul,facile,1,10,,number-check,soustractionFacile,S1.1.1
application,fr/applications/ce1/maths/calcul/soustraction-3,d5261222,Table de soustraction de 3,CE1,maths,calcul,facile,1,10,,number-check,soustractionFacile,S1.1.1
application,fr/applications/ce1/maths/calcul/soustraction-4,a25c5dbe,Table de soustraction de 4,CE1,maths,calcul,facile,1,10,,number-check,soustractionFacile,S1.1.1
application,fr/applications/ce1/maths/calcul/soustraction-5,c0a53d1f,Table de soustraction de 5,CE1,maths,calcul,facile,1,10,,number-check,soustractionFacile,S1.1.1
application,fr/applications/ce1/maths/calcul/table-de-10,dc067585,Table de 10,CE1,maths,calcul,facile,1,10,,number-check,multiplicationSimple,S1.1.1
application,fr/applications/ce1/maths/calcul/table-de-2,d1c6fd94,Table de 2,CE1,maths,calcul,facile,1,10,,number-check,multiplicationSimple,S1.1.1
application,fr/applications/ce1/maths/calcul/table-de-3,cbcd21db,Table de 3,CE1,maths,calcul,facile,1,10,,number-check,multiplicationSimple,S1.1.1
application,fr/applications/ce1/maths/calcul/table-de-4,ee79aefc,Table de 4,CE1,maths,calcul,facile,1,10,,number-check,multiplicationSimple,S1.1.1
application,fr/applications/ce1/maths/calcul/table-de-5,d85624e3,Table de 5,CE1,maths,calcul,facile,1,10,,number-check,multiplicationSimple,S1.1.1
defi,fr/defis/ce1/maths/calcul/calcul-rapide-01,ccf520c1,Calcul rapide CE1,CE1,maths,calcul,facile,1,60,too-long,number-check,fluencyMix,S1.1.1
exercice,fr/exercices/ce1/maths/calcul/additions-01,c6217178,Additions CE1,CE1,maths,calcul,facile,3,3,,number-check,,S1.1.1
exercice,fr/exercices/ce1/maths/calcul/comparer-expressions-01,cb4cd88b,Comparer des additions sans calculer,CE1,maths,calcul,facile,3,3,,compare-expressions,,
exercice,fr/exercices/ce1/maths/calcul/estimation-01,cf88b215,Estimer puis calculer,CE1,maths,calcul,facile,5,5,,estimation,,S1.1.1
exercice,fr/exercices/ce1/maths/calcul/liens-numeriques-01,aba5fee8,Décomposer en arbre,CE1,maths,calcul,facile,5,5,,number-check,,S1.1.1
exercice,fr/exercices/ce1/maths/calcul/liens-numeriques-02,abac47f3,Compléter les arbres de calcul,CE1,maths,calcul,facile,5,5,,number-check,,S1.1.1
exercice,fr/exercices/ce1/maths/calcul/pose-addition-01,c3d4e5f6,Additions posées,CE1,maths,calcul,facile,5,5,,column-op,,S1.1.1
exercice,fr/exercices/ce1/maths/calcul/pose-soustraction-01,d4e5f6a7,Soustractions posées,CE1,maths,calcul,facile,5,5,,column-op,,S1.1.1
exercice,fr/exercices/ce1/maths/calcul/pyramides-02,f6760aa4,Pyramides d'additions,CE1,maths,calcul,facile,6,6,,pyramid,,S1.2.2
exercice,fr/exercices/ce1/maths/calcul/tables-01,d2d5c61b,Tables de multiplication,CE1,maths,calcul,facile,4,4,,number-check,,S1.1.1
exercice,fr/exercices/ce1/maths/calcul/think-board-addition,a46ca9a2,Additions: tableau des 4 modes,CE1,maths,calcul,facile,4,4,,think-board,,A1.1
exercice,fr/exercices/ce1/maths/calcul/think-board-soustraction,c4eee485,Soustractions: tableau des 4 modes,CE1,maths,calcul,facile,4,4,,think-board,,A2.2
exercice,fr/exercices/ce1/maths/calcul/trouver-erreur-01,c0be3447,Corrige le résultat,CE1,maths,calcul,facile,5,5,,error-analysis,,S1.1.1
application,fr/applications/ce1/maths/calcul/addition-10,d3a30870,Table d'addition de 10,CE1,maths,calcul,moyen,1,10,,number-check,additionFacile,S1.1.1
application,fr/applications/ce1/maths/calcul/addition-11,e6fc44c6,Table d'addition de 11,CE1,maths,calcul,moyen,1,10,,number-check,additionFacile,S1.1.1
application,fr/applications/ce1/maths/calcul/addition-6,c84d9bd3,Table d'addition de 6,CE1,maths,calcul,moyen,1,10,,number-check,additionFacile,S1.1.1
application,fr/applications/ce1/maths/calcul/addition-7,f28593db,Table d'addition de 7,CE1,maths,calcul,moyen,1,10,,number-check,additionFacile,S1.1.1
application,fr/applications/ce1/maths/calcul/addition-8,c133bdd6,Table d'addition de 8,CE1,maths,calcul,moyen,1,10,,number-check,additionFacile,S1.1.1
application,fr/applications/ce1/maths/calcul/addition-9,ed3d6003,Table d'addition de 9,CE1,maths,calcul,moyen,1,10,,number-check,additionFacile,S1.1.1
application,fr/applications/ce1/maths/calcul/addition-simple,b18d8344,Addition Simple,CE1,maths,calcul,moyen,1,10,,number-check,additionSimple,S1.1.1
application,fr/applications/ce1/maths/calcul/addition-trou,aaf5ce97,Addition à trou,CE1,maths,calcul,moyen,1,10,,number-check,additionTrou,S1.1.3
application,fr/applications/ce1/maths/calcul/ajouter-100,c10a8f8b,Ajouter ou soustraire 100,CE1,maths,calcul,moyen,1,10,,number-check,ajouterSoustraire100,S1.1.3
application,fr/applications/ce1/maths/calcul/ajouter-soustraire-10,e2cfe849,Ajouter ou soustraire 10,CE1,maths,calcul,moyen,1,10,,number-check,ajouterSoustraire10,S1.1.3
application,fr/applications/ce1/maths/calcul/comparer-expressions,b8c9d0e1,Compare sans calculer,CE1,maths,calcul,moyen,1,8,,compare,compareExpressions,S3.1.1
application,fr/applications/ce1/maths/calcul/complements-100,ca13ce59,Compléments à 100,CE1,maths,calcul,moyen,1,10,,number-check,complementNombre,S1.1.2
application,fr/applications/ce1/maths/calcul/familles-faits,e5f6a7b8,Familles de faits addition,CE1,maths,calcul,moyen,1,8,,checkbox,famillesFaits,S2.2.1
application,fr/applications/ce1/maths/calcul/fruits-moyen,bd0fd828,Additions de fruits,CE1,maths,calcul,moyen,1,10,,number-check,comptageFruits,S2.1.4
application,fr/applications/ce1/maths/calcul/insectes-moyen,a01ef6c8,Compter et calculer,CE1,maths,calcul,moyen,1,10,,number-check,comptageInsectes,S2.1.4
application,fr/applications/ce1/maths/calcul/multiplication-simple,ecec02ec,Multiplications,CE1,maths,calcul,moyen,1,10,,number-check,multiplicationSimple,S1.1.1
application,fr/applications/ce1/maths/calcul/multiplication-trou,c28b5a9f,Multiplication à trou,CE1,maths,calcul,moyen,1,10,,number-check,multiplicationTrou,S1.1.3
application,fr/applications/ce1/maths/calcul/soustraction-10,ee0b087d,Table de soustraction de 10,CE1,maths,calcul,moyen,1,10,,number-check,soustractionFacile,S1.1.1
application,fr/applications/ce1/maths/calcul/soustraction-11,babd64c9,Table de soustraction de 11,CE1,maths,calcul,moyen,1,10,,number-check,soustractionFacile,S1.1.1
application,fr/applications/ce1/maths/calcul/soustraction-6,c1db72d8,Table de soustraction de 6,CE1,maths,calcul,moyen,1,10,,number-check,soustractionFacile,S1.1.1
application,fr/applications/ce1/maths/calcul/soustraction-7,d7e6b6f2,Table de soustraction de 7,CE1,maths,calcul,moyen,1,10,,number-check,soustractionFacile,S1.1.1
application,fr/applications/ce1/maths/calcul/soustraction-8,b5e6fbc0,Table de soustraction de 8,CE1,maths,calcul,moyen,1,10,,number-check,soustractionFacile,S1.1.1
application,fr/applications/ce1/maths/calcul/soustraction-9,a05366d7,Table de soustraction de 9,CE1,maths,calcul,moyen,1,10,,number-check,soustractionFacile,S1.1.1
application,fr/applications/ce1/maths/calcul/soustraction-simple,a3410763,Soustractions,CE1,maths,calcul,moyen,1,10,,number-check,soustractionSimple,S1.1.1
application,fr/applications/ce1/maths/calcul/soustraction-trou,cf4da89c,Soustraction à trou,CE1,maths,calcul,moyen,1,10,,number-check,soustractionTrou,S1.1.3
application,fr/applications/ce1/maths/calcul/vrai-faux-ops,b8ced378,Vrai ou faux addition,CE1,maths,calcul,moyen,1,6,,true-false,vraiFauxOps,S3.2.3
defi,fr/defis/ce1/maths/calcul/calcul-rapide-02,aafa53f7,Calcul rapide CE1,CE1,maths,calcul,moyen,1,60,too-long,number-check,fluencyMix,S1.1.1
exercice,fr/exercices/ce1/maths/calcul/addition-erreur-01,e770e86e,Corrige l'addition,CE1,maths,calcul,moyen,4,4,,error-analysis,,S1.1.1
exercice,fr/exercices/ce1/maths/calcul/calcul-reflechi-01,c2af95c2,Calcul réfléchi,CE1,maths,calcul,moyen,4,4,,multi-question,,S1.1.2
exercice,fr/exercices/ce1/maths/calcul/calcul-reflechi-02,b138801a,Chaînes de calcul,CE1,maths,calcul,moyen,5,5,,calc-chain,,S1.1.3
exercice,fr/exercices/ce1/maths/calcul/calcule-et-verifie,f2920e6a,Calcule et vérifie,CE1,maths,calcul,moyen,6,6,,multi-question,,S1.1.1
exercice,fr/exercices/ce1/maths/calcul/mult-multiples-10-01,d577a192,Multiplier par un multiple de 10,CE1,maths,calcul,moyen,5,5,,number-check,,S1.1.1
exercice,fr/exercices/ce1/maths/calcul/passage-par-10,dc2b64ea,Passe par 10,CE1,maths,calcul,moyen,6,6,,calc-chain,,S1.1.1
exercice,fr/exercices/ce1/maths/calcul/pyramides-01,c0c2c0ad,Pyramides d'additions,CE1,maths,calcul,moyen,2,2,,pyramid,,S1.2.2
exercice,fr/exercices/ce1/maths/calcul/pyramides-03,e036faca,Pyramides d'additions ,CE1,maths,calcul,moyen,6,6,,pyramid,,S1.2.2
exercice,fr/exercices/ce1/maths/calcul/soustraction-erreur-01,cf33b35d,Corrige la soustraction,CE1,maths,calcul,moyen,5,5,,error-analysis,,S1.1.1
exercice,fr/exercices/ce1/maths/calcul/think-board-01,f3997d48,Le tableau des 4 modes,CE1,maths,calcul,moyen,3,3,,think-board,,M1.1
exercice,fr/exercices/ce1/maths/calcul/trous-01,c95bf3f7,Opérations à trou,CE1,maths,calcul,moyen,4,4,,number-check,,S1.1.1
defi,fr/defis/ce1/maths/calcul/calcul-rapide-03,d48ee74b,Calcul rapide CE1,CE1,maths,calcul,difficile,1,60,too-long,number-check,fluencyMix,S1.1.1
exercice,fr/exercices/ce1/maths/donnees/donnees-01,ff5a382e,Construire un diagramme en barres,CE1,maths,donnees,facile,3,3,,bar-chart,,D1.1.1
exercice,fr/exercices/ce1/maths/donnees/donnees-02,dd823746,Lire un diagramme en barres,CE1,maths,donnees,moyen,3,3,,bar-chart,,D1.1.1
exercice,fr/exercices/ce1/maths/geometrie/angle-droit-01,c6309e42,L'angle droit,CE1,maths,geometrie,facile,3,3,,true-false | mcq,,S1.1.1
exercice,fr/exercices/ce1/maths/geometrie/figures-01,f7877320,Les figures planes,CE1,maths,geometrie,facile,5,5,,mcq | true-false,,S1.1.1
exercice,fr/exercices/ce1/maths/geometrie/figures-02,d2a8f103,Propriétés des figures,CE1,maths,geometrie,facile,3,3,,select,,S1.1.1
exercice,fr/exercices/ce1/maths/geometrie/quadrillage-lire-01,c8ef203b,Lire les coordonnées d'un point,CE1,maths,geometrie,facile,5,5,,coordinate-grid,,S1.1.1
exercice,fr/exercices/ce1/maths/geometrie/quadrillage-placer-01,ffcdf024,Placer un point sur le quadrillage,CE1,maths,geometrie,facile,5,5,,coordinate-grid,,S1.1.1
exercice,fr/exercices/ce1/maths/geometrie/reconnaitre-formes,d7edac36,Reconnais les formes,CE1,maths,geometrie,facile,4,4,,svg-tiles,,S1.1.1
exercice,fr/exercices/ce1/maths/geometrie/solides-01,a92789a5,Les solides,CE1,maths,geometrie,moyen,4,4,,matching | true-false | mcq,,S1.1.1
exercice,fr/exercices/ce1/maths/geometrie/symetrie-01,c597c6bf,La symétrie,CE1,maths,geometrie,moyen,3,3,,true-false | mcq,,S1.1.1
application,fr/applications/ce1/maths/logique/labyrinthe-pairs,a6d3f8c1,Labyrinthe nombres pairs,CE1,maths,logique,facile,1,5,,maze,labyrinthe,S1.1.1
application,fr/applications/ce1/maths/logique/venn-nombres,cd81c7ff,Diagramme de Venn Nombres,CE1,maths,logique,facile,1,5,,venn,vennNombres,S3.1.1
exercice,fr/exercices/ce1/maths/logique/grille-01,ed716734,Grilles logiques,CE1,maths,logique,moyen,2,2,,logic-grid,,S3.2.2
exercice,fr/exercices/ce1/maths/logique/suites-figurales-01,ea65ce37,Suites de figures,CE1,maths,logique,moyen,5,5,,mcq,,S3.2.1
application,fr/applications/ce1/maths/mesures/lire-heure-gen,eb4e3806,Lire l'heure,CE1,maths,mesures,facile,1,10,,clock,lireHeure,I1.1.1
exercice,fr/exercices/ce1/maths/mesures/calendrier-01,a0a35d04,Lire un calendrier,CE1,maths,mesures,facile,3,3,,multi-question,,I1.1.1
exercice,fr/exercices/ce1/maths/mesures/durees-01,ad885698,Les durées,CE1,maths,mesures,facile,3,3,,true-false | convert | mcq,,I1.1.1
exercice,fr/exercices/ce1/maths/mesures/heure-01,f3a022b4,Apprendre à lire l'heure,CE1,maths,mesures,facile,3,3,,clock,,I1.1.1
exercice,fr/exercices/ce1/maths/mesures/monnaie-01,b4c89751,La monnaie,CE1,maths,mesures,facile,5,5,,true-false | problem | number-check | matching,,A1.1
exercice,fr/exercices/ce1/maths/mesures/heure-02,ec211e07,Lire l'heure: quarts et 5 minutes,CE1,maths,mesures,moyen,6,6,,clock,,I1.1.1
exercice,fr/exercices/ce1/maths/mesures/longueurs-01,d81c39ec,Les longueurs,CE1,maths,mesures,moyen,3,3,,convert | true-false,,S1.1.1
exercice,fr/exercices/ce1/maths/mesures/masses-01,df1633b0,Les masses,CE1,maths,mesures,moyen,3,3,,convert | true-false | mcq,,S1.1.1
application,fr/applications/ce1/maths/numeration/arrondir-dizaine,deebc0de,Arrondir à la dizaine,CE1,maths,numeration,facile,1,10,,number-check,arrondirNombre,S3.1.2
application,fr/applications/ce1/maths/numeration/blocs-valeur-01,bfd5c96e,Blocs dizaines et unités,CE1,maths,numeration,facile,1,10,,click-blocks,blocsValeurPosition,S2.1.2
application,fr/applications/ce1/maths/numeration/blocs-valeur-position-01,a2e9f310,Valeur de position,CE1,maths,numeration,facile,1,8,,click-blocks,blocsValeurPosition,S2.1.2
application,fr/applications/ce1/maths/numeration/pairs-impairs,dd80f187,Nombres pairs et impairs,CE1,maths,numeration,facile,1,10,,number-check,pairOuImpair,S3.2.1
application,fr/applications/ce1/maths/numeration/regle-graduee,d226ef83,Lecture sur la règle graduée,CE1,maths,numeration,facile,1,8,,ruler,ruler,S3.1.3
application,fr/applications/ce1/maths/numeration/suite-nombres-01,ab304efb,Suites de nombres,CE1,maths,numeration,facile,1,8,,fill-table,suiteNombres,S3.2.1
application,fr/applications/ce1/maths/numeration/suite-nombres-02,f429195b,Suites de nombres,CE1,maths,numeration,facile,1,8,,fill-table,suiteNombres,S3.2.1
application,fr/applications/ce1/maths/numeration/suite-nombres-03,b2c96643,Suites de nombres,CE1,maths,numeration,facile,1,8,,fill-table,suiteNombres,S3.2.1
exercice,fr/exercices/ce1/maths/numeration/base10-01,bd18991c,Les blocs de base 10,CE1,maths,numeration,facile,6,6,,base-10,,S2.1.2
exercice,fr/exercices/ce1/maths/numeration/encadrement-01,b4dee3bc,Encadrement de nombres,CE1,maths,numeration,facile,4,4,,bounding,,S1.1.1
exercice,fr/exercices/ce1/maths/numeration/ordonner-01,a64655d2,Ranger des nombres dans l'ordre,CE1,maths,numeration,facile,5,5,,drag-sort,,S3.1.2
exercice,fr/exercices/ce1/maths/numeration/orthographe-nombres-01,f6b9d3d8,Orthographe de 1 à 10,CE1,maths,numeration,facile,3,3,,matching,,S2.1.4
exercice,fr/exercices/ce1/maths/numeration/regle-graduee-01,df12040a,Lecture sur la règle graduée,CE1,maths,numeration,facile,4,4,,ruler,,I1.1.2
exercice,fr/exercices/ce1/maths/numeration/suites-01,ffaa8232,Suites de nombres,CE1,maths,numeration,facile,3,3,,sequence,,S3.2.1
application,fr/applications/ce1/maths/numeration/arrondir-centaine,c4305c95,Arrondir à la centaine,CE1,maths,numeration,moyen,1,10,,number-check,arrondirNombre,S3.1.2
application,fr/applications/ce1/maths/numeration/blocs-valeur-02,f9d03905,Blocs valeur de position,CE1,maths,numeration,moyen,1,10,,click-blocks,blocsValeurPosition,S2.1.2
application,fr/applications/ce1/maths/numeration/chasse-aux-nombres-01,b38d4b69,Chasse aux nombres,CE1,maths,numeration,moyen,1,5,,number-hunt,huntNombres,S2.1.1
application,fr/applications/ce1/maths/numeration/coloriage-magique-01,b0c846aa,Coloriage magique: araignée,CE1,maths,numeration,moyen,1,2,,magic-color,magicColorGrid,S3.2.1
application,fr/applications/ce1/maths/numeration/comparer-1000,e6a588e0,Comparer des nombres < 1 000,CE1,maths,numeration,moyen,1,10,,tile-select,comparerNombres,S3.1.1
application,fr/applications/ce1/maths/numeration/comparer-groupes-01,e028e272,Comparer des groupes,CE1,maths,numeration,moyen,1,8,,compare-groups,comparerGroupes,S3.1.1
application,fr/applications/ce1/maths/numeration/decompo-gen,cf457f3d,Valeur de position,CE1,maths,numeration,moyen,1,10,,number-check,decompositionCentaines,S2.1.2
application,fr/applications/ce1/maths/numeration/suites-ce1,eb79fc0d,Suites de nombres,CE1,maths,numeration,moyen,1,10,,sequence,compterDeNCE1,S3.2.1
exercice,fr/exercices/ce1/maths/numeration/base10-02,a7894c93,"Centaines, dizaines et unités",CE1,maths,numeration,moyen,6,6,,base-10,,S2.1.2
exercice,fr/exercices/ce1/maths/numeration/droite-graduee-01,b76399b4,Lire la droite graduée,CE1,maths,numeration,moyen,5,5,,number-line,,S1.1.1
exercice,fr/exercices/ce1/maths/numeration/droite-graduee-02,e1cbe4d0,Placer sur la droite graduée,CE1,maths,numeration,moyen,5,5,,number-line,,S1.1.1
exercice,fr/exercices/ce1/maths/numeration/orthographe-nombres-02,f778c825,Orthographe de 11 à 20,CE1,maths,numeration,moyen,3,3,,matching,,S2.1.4
exercice,fr/exercices/ce1/maths/numeration/orthographe-nombres-03,fcd93099,Orthographe des dizaines,CE1,maths,numeration,difficile,3,3,,matching,,S2.1.4
exercice,fr/exercices/ce1/maths/problemes/comparaison-ecart-01,e4f5a6b7,Combien de plus ou moins ?,CE1,maths,problemes,facile,5,5,,problem,,A3.1
exercice,fr/exercices/ce1/maths/problemes/composition-01,e1f2a3b4,Parties et tout,CE1,maths,problemes,facile,5,5,,problem,,A1.1
exercice,fr/exercices/ce1/maths/problemes/composition-02,f2a3b4c5,Trouver la partie manquante,CE1,maths,problemes,facile,5,5,,problem,,A1.2
exercice,fr/exercices/ce1/maths/problemes/guided-01,a1b2c3d4,Résoudre un problème pas à pas,CE1,maths,problemes,facile,2,2,,guided-problem,,A2.1
exercice,fr/exercices/ce1/maths/problemes/quotidien-01,b4f5ada3,Problèmes du quotidien,CE1,maths,problemes,facile,5,5,,problem,,M1.1
exercice,fr/exercices/ce1/maths/problemes/transformation-moins-01,b4c5d6e7,Combien maintenant ?,CE1,maths,problemes,facile,5,5,,problem,,A2.2
exercice,fr/exercices/ce1/maths/problemes/transformation-plus-01,a3b4c5d6,Combien maintenant ?,CE1,maths,problemes,facile,5,5,,problem,,A2.1
exercice,fr/exercices/ce1/maths/problemes/comparaison-ecart-02,f6a7b8c9,Quelle est la différence ?,CE1,maths,problemes,moyen,5,5,,problem,,A3.1
exercice,fr/exercices/ce1/maths/problemes/comparaison-etat-compare-01,c07b4a03,"De plus, de moins...",CE1,maths,problemes,moyen,5,5,,problem,,A3.2
exercice,fr/exercices/ce1/maths/problemes/comparaison-referent-01,c640b2ac,Retrouver l'autre quantité,CE1,maths,problemes,moyen,5,5,,problem,,A3.3
exercice,fr/exercices/ce1/maths/problemes/division-partage-01,c23792af,Partager en groupes égaux,CE1,maths,problemes,moyen,5,5,,problem,,M1.2
exercice,fr/exercices/ce1/maths/problemes/guided-a2,b993efd6,Transformer une quantité,CE1,maths,problemes,moyen,4,4,,guided-problem,,A2
exercice,fr/exercices/ce1/maths/problemes/problemes-2-etapes-01,a6a69a0c,Problèmes en deux étapes,CE1,maths,problemes,moyen,5,5,,multi-question,,S1.1.1
exercice,fr/exercices/ce1/maths/problemes/problemes-inverses,f59c7a36,Problèmes inverses,CE1,maths,problemes,moyen,3,3,,inverse-problem,,S2.2.1
exercice,fr/exercices/ce1/maths/problemes/transformation-inconnue-01,c5d6e7f8,Que s'est-il passé ?,CE1,maths,problemes,moyen,5,5,,problem,,A2.3
exercice,fr/exercices/ce1/maths/problemes/comparaison-etat-compare-02,b3c4d5e6,"De plus, de moins...",CE1,maths,problemes,difficile,5,5,,problem,,A3.2
application,fr/applications/ce2/maths/calcul/addition-trou-facile,c81c58ba,Additions à trou,CE2,maths,calcul,facile,1,12,,number-check,additionTrou,S1.1.3
application,fr/applications/ce2/maths/calcul/ajouter-8-12-01,d3853915,Ajouter 8 ou 12,CE2,maths,calcul,facile,1,10,,number-check,add8ou12,S1.1.3
application,fr/applications/ce2/maths/calcul/ajouter-9-11-01,dec42b3f,Ajouter 9 ou 11,CE2,maths,calcul,facile,1,10,,number-check,add9ou11,S1.1.3
application,fr/applications/ce2/maths/calcul/complement-1000-01,e6f4a5b6,Compléments à 1 000,CE2,maths,calcul,facile,1,8,,number-check,complementNombre,S1.1.2
application,fr/applications/ce2/maths/calcul/complement-a-10,dc4839da,Complément à 10,CE2,maths,calcul,facile,1,10,,number-check,complementNombre,S1.1.2
application,fr/applications/ce2/maths/calcul/doubles-moities,f3648f2c,Doubles et moitiés,CE2,maths,calcul,facile,1,10,,number-check,doublesMoities,S1.1.2
application,fr/applications/ce2/maths/calcul/equilibrer-add-01,c1e20001,Équilibrer des additions,CE2,maths,calcul,facile,1,12,,number-check,equilibrerOp,S2.2.1
application,fr/applications/ce2/maths/calcul/estimation-somme-facile,efd73d44,Estimer une somme,CE2,maths,calcul,facile,1,10,,mcq,estimationSomme,S1.1.3
application,fr/applications/ce2/maths/calcul/fruits-addition-trou,cf7fac37,Additions à trou fruits,CE2,maths,calcul,facile,1,12,,number-check,comptageFruits,S2.2.1
application,fr/applications/ce2/maths/calcul/fruits-soustraction-trou,e1c11318,Soustractions à trou fruits,CE2,maths,calcul,facile,1,12,,number-check,comptageFruits,S2.2.1
application,fr/applications/ce2/maths/calcul/grouper-a-10-01,b04d799d,Grouper pour faire 10 ,CE2,maths,calcul,facile,1,10,,number-check,groupeA10,S1.1.2
application,fr/applications/ce2/maths/calcul/machine-decouverte,f9226edf,Découvre la règle,CE2,maths,calcul,facile,1,5,,function-machine,functionMachineDiscover,S1.1.3
application,fr/applications/ce2/maths/calcul/machine-fonctions,db3c2148,Machine à fonctions,CE2,maths,calcul,facile,1,6,,function-machine,functionMachineCompute,S1.1.1
application,fr/applications/ce2/maths/calcul/mult-etapes-01,f04a6286,Multiplier par 10,CE2,maths,calcul,facile,1,8,,number-check,multiplicationsEtapes,S1.1.3
application,fr/applications/ce2/maths/calcul/partager-equitable-01,a1f2c3d4,Partager équitablement,CE2,maths,calcul,facile,1,6,,number-check,partagerEquitable,S2.1.3
application,fr/applications/ce2/maths/calcul/somme-100-01,b3e1f0a2,Résultat = 100,CE2,maths,calcul,facile,1,6,,tile-select,sommesCibles,S1.1.3
application,fr/applications/ce2/maths/calcul/soustraction-trou-facile,a3d25ced,Soustractions à trou,CE2,maths,calcul,facile,1,12,,number-check,soustractionTrou,S1.1.3
application,fr/applications/ce2/maths/calcul/soustraire-8-12-01,b192f1e8,Soustraire 8 ou 12,CE2,maths,calcul,facile,1,10,,number-check,sub8ou12,S1.1.3
application,fr/applications/ce2/maths/calcul/soustraire-9-11-01,dc86799a,Soustraire 9 ou 11,CE2,maths,calcul,facile,1,10,,number-check,sub9ou11,S1.1.3
application,fr/applications/ce2/maths/calcul/table-02,d39e7a53,Table de 2,CE2,maths,calcul,facile,1,10,,number-check,multiplicationSimple,S1.1.1
application,fr/applications/ce2/maths/calcul/table-03,a257fde9,Table de 3,CE2,maths,calcul,facile,1,10,,number-check,multiplicationSimple,S1.1.1
application,fr/applications/ce2/maths/calcul/table-04,d76efb42,Table de 4,CE2,maths,calcul,facile,1,10,,number-check,multiplicationSimple,S1.1.1
application,fr/applications/ce2/maths/calcul/table-05,e1d5145e,Table de 5,CE2,maths,calcul,facile,1,10,,number-check,multiplicationSimple,S1.1.1
application,fr/applications/ce2/maths/calcul/table-06,ad771002,Table de 6,CE2,maths,calcul,facile,1,10,,number-check,multiplicationSimple,S1.1.1
application,fr/applications/ce2/maths/calcul/table-07,d21c6ffa,Table de 7,CE2,maths,calcul,facile,1,10,,number-check,multiplicationSimple,S1.1.1
application,fr/applications/ce2/maths/calcul/table-08,ba632e30,Table de 8,CE2,maths,calcul,facile,1,10,,number-check,multiplicationSimple,S1.1.1
application,fr/applications/ce2/maths/calcul/table-09,b9ca21f1,Table de 9,CE2,maths,calcul,facile,1,10,,number-check,multiplicationSimple,S1.1.1
application,fr/applications/ce2/maths/calcul/table-10,ac47bade,Table de 10,CE2,maths,calcul,facile,1,10,,number-check,multiplicationSimple,S1.1.1
application,fr/applications/ce2/maths/calcul/table-fonction-mult,e5a30001,Entrée sortie multiplication,CE2,maths,calcul,facile,1,12,,fill-table,tableEntreeSortie,S2.2.2
defi,fr/defis/ce2/maths/calcul/additions-rapides-01,f1a2b3c4,Additions rapides jusqu'à 20,CE2,maths,calcul,facile,1,40,too-long,number-check,additionFacile,S1.1.1
defi,fr/defis/ce2/maths/calcul/calcul-rapide-01,f3f49636,Calcul rapide CE2,CE2,maths,calcul,facile,1,60,too-long,number-check,fluencyMix,S1.1.1
exercice,fr/exercices/ce2/maths/calcul/addition-ou-multiplication-01,a7d4f819,Addition ou multiplication ?,CE2,maths,calcul,facile,10,10,,tile-select,,S1.1.1
exercice,fr/exercices/ce2/maths/calcul/estimation-01,b371504a,Estimer puis calculer,CE2,maths,calcul,facile,5,5,,estimation,,
exercice,fr/exercices/ce2/maths/calcul/multiplication-01,f1e9c305,De l'addition à la multiplication,CE2,maths,calcul,facile,8,8,,multi-question,,S1.1.1
exercice,fr/exercices/ce2/maths/calcul/pose-addition-01,d125cf65,Poser une addition,CE2,maths,calcul,facile,5,5,,column-op,,S1.1.1
exercice,fr/exercices/ce2/maths/calcul/pose-soustraction-01,d6345999,Poser une soustraction,CE2,maths,calcul,facile,5,5,,column-op,,S1.1.1
exercice,fr/exercices/ce2/maths/calcul/vocabulaire-01,e5b3c817,Vocabulaire des opérations,CE2,maths,calcul,facile,3,3,,select,,S2.1.4
application,fr/applications/ce2/maths/calcul/addition-trou,be7e0175,Additions à trou,CE2,maths,calcul,moyen,1,10,,number-check,additionTrou,S1.1.3
application,fr/applications/ce2/maths/calcul/comparer-expressions,c9d0e1f2,Compare sans calculer,CE2,maths,calcul,moyen,2,12,,compare,compareExpressions,S3.1.1
application,fr/applications/ce2/maths/calcul/comparer-mult-nombre,b6624fac,Comparer des expressions,CE2,maths,calcul,moyen,1,10,,compare,comparerOpNombre,S3.1.1
application,fr/applications/ce2/maths/calcul/complement-1000-02,f7a5b6c7,Compléments à 1 000,CE2,maths,calcul,moyen,1,8,,number-check,complementNombre,S1.1.2
application,fr/applications/ce2/maths/calcul/complement-a-100,d9433381,Complément à 100,CE2,maths,calcul,moyen,1,10,,number-check,complementNombre,S1.1.2
application,fr/applications/ce2/maths/calcul/decodage-emojis,e53c02b1,Décodage d'Emojis,CE2,maths,calcul,moyen,1,10,,number-check,decodageEmojis,S2.1.4
application,fr/applications/ce2/maths/calcul/decodage-monstres,a34a742a,Décodage de Monstres,CE2,maths,calcul,moyen,1,10,,number-check,decodageEmojis,S2.1.4
application,fr/applications/ce2/maths/calcul/division-euclidienne-01,d8b38bd1,Division avec reste,CE2,maths,calcul,moyen,1,8,,multi-question,divisionEuclidienne,M1.1
application,fr/applications/ce2/maths/calcul/division-simple,f66022f9,Divisions,CE2,maths,calcul,moyen,1,10,,number-check,divisionSimple,S1.1.1
application,fr/applications/ce2/maths/calcul/division-trou,f9294b91,Divisions à trou,CE2,maths,calcul,moyen,1,10,,number-check,divisionTrou,S1.1.3
application,fr/applications/ce2/maths/calcul/equilibrer-add-02,c1e20002,Équilibrer des additions,CE2,maths,calcul,moyen,1,12,,number-check,equilibrerOp,S2.2.1
application,fr/applications/ce2/maths/calcul/estimation-somme-moyen,daedfbe2,Estimer des sommes,CE2,maths,calcul,moyen,1,10,,mcq,estimationSomme,S1.1.3
application,fr/applications/ce2/maths/calcul/familles-faits,d7cf7345,Familles de faits,CE2,maths,calcul,moyen,2,12,,checkbox,famillesFaits,S2.2.2
application,fr/applications/ce2/maths/calcul/grouper-a-10-02,ed9ded53,Grouper pour faire 10 ,CE2,maths,calcul,moyen,1,10,,number-check,groupeA10,S1.1.2
application,fr/applications/ce2/maths/calcul/mult-directes-01,a81eceb5,Multiplier par 10 et 100,CE2,maths,calcul,moyen,1,15,too-long,number-check,multiplicationsDirectes,S1.1.3
application,fr/applications/ce2/maths/calcul/mult-etapes-02,ebe2ee5c,Multiplier par 100,CE2,maths,calcul,moyen,1,8,,number-check,multiplicationsEtapes,S1.1.3
application,fr/applications/ce2/maths/calcul/multiplication-trou,c2b782d2,Multiplications à trou,CE2,maths,calcul,moyen,1,10,,number-check,multiplicationTrou,S1.1.3
application,fr/applications/ce2/maths/calcul/pyramides,f4547042,Pyramides d'additions,CE2,maths,calcul,moyen,1,8,,pyramid,pyramideAdditions,S1.2.2
application,fr/applications/ce2/maths/calcul/somme-1000-01,c4d2e1f3,Résultat = 1 000,CE2,maths,calcul,moyen,1,6,,tile-select,sommesCibles,S1.1.3
application,fr/applications/ce2/maths/calcul/soustraction-trou,a103d228,Soustractions à trou,CE2,maths,calcul,moyen,1,10,,number-check,soustractionTrou,S1.1.3
application,fr/applications/ce2/maths/calcul/triangle-arithmetique,ee1f6b31,Triangle arithmétique,CE2,maths,calcul,moyen,2,16,too-long,tri-arith,triArith,S1.2.2
application,fr/applications/ce2/maths/calcul/vrai-faux-ops,e98c6937,Vrai ou faux opérations,CE2,maths,calcul,moyen,2,10,,true-false,vraiFauxOps,S3.2.3
defi,fr/defis/ce2/maths/calcul/calcul-rapide-02,d469ef49,Calcul rapide CE2,CE2,maths,calcul,moyen,1,60,too-long,number-check,fluencyMix,S1.1.1
defi,fr/defis/ce2/maths/calcul/tables-multiplication-01,a2b3c4d5,Tables de multiplication,CE2,maths,calcul,moyen,1,50,too-long,number-check,multiplicationSimple,S1.1.1
exercice,fr/exercices/ce2/maths/calcul/addition-ou-multiplication-02,b8e5c920,Addition ou multiplication ?,CE2,maths,calcul,moyen,10,10,,tile-select,,S1.1.1
exercice,fr/exercices/ce2/maths/calcul/additions-01,f1d1f5a0,Additions à trois chiffres,CE2,maths,calcul,moyen,4,4,,number-check,,S1.1.1
exercice,fr/exercices/ce2/maths/calcul/calcul-reflechi-01,ce8f5d4e,Calcul réfléchi,CE2,maths,calcul,moyen,4,4,,multi-question,,S1.1.3
exercice,fr/exercices/ce2/maths/calcul/calcul-reflechi-02,e36f66f8,Chaînes de calcul,CE2,maths,calcul,moyen,5,5,,calc-chain,,S1.1.3
exercice,fr/exercices/ce2/maths/calcul/calcule-et-verifie,c6e19278,Calcule et vérifie,CE2,maths,calcul,moyen,6,6,,multi-question,,S1.1.1
exercice,fr/exercices/ce2/maths/calcul/comparer-expressions-01,de1602ac,Comparer des expressions sans calculer,CE2,maths,calcul,moyen,4,4,,compare-expressions,,
exercice,fr/exercices/ce2/maths/calcul/division-sens-01,f8934228,Division : partage et groupement,CE2,maths,calcul,moyen,5,5,,problem,,M1.2
exercice,fr/exercices/ce2/maths/calcul/estime-puis-calcule,a5866ed6,Estime puis calcule,CE2,maths,calcul,moyen,6,6,,multi-question,,S1.1.1
exercice,fr/exercices/ce2/maths/calcul/fact-family-mul,fbe4e5e9,Familles de faits: multiplication et division,CE2,maths,calcul,moyen,5,5,,fact-family,,M1
exercice,fr/exercices/ce2/maths/calcul/liens-numeriques-01,cea36dd6,Décomposer en arbre,CE2,maths,calcul,moyen,5,5,,number-check,,S1.1.1
exercice,fr/exercices/ce2/maths/calcul/liens-numeriques-02,fa7e749c,Arbres de décomposition complexes,CE2,maths,calcul,moyen,5,5,,number-check,,S1.1.2
exercice,fr/exercices/ce2/maths/calcul/multiplications-posees-01,d9746130,Multiplications posées,CE2,maths,calcul,moyen,5,5,,column-op,,S1.1.1
exercice,fr/exercices/ce2/maths/calcul/pyramides-01,b11a2193,Pyramides d'additions CE2,CE2,maths,calcul,moyen,4,4,,pyramid,,S1.2.2
exercice,fr/exercices/ce2/maths/calcul/soustraction-erreur-01,e2c5d1f5,Corrige la soustraction,CE2,maths,calcul,moyen,4,4,,error-analysis,,S1.1.1
exercice,fr/exercices/ce2/maths/calcul/soustractions-01,cf5ee369,Soustractions à trois chiffres,CE2,maths,calcul,moyen,4,4,,number-check,,S1.1.1
exercice,fr/exercices/ce2/maths/calcul/tables-01,e09f15da,Tables de multiplication 6 à 9,CE2,maths,calcul,moyen,5,13,too-long,number-check,,S1.1.1
exercice,fr/exercices/ce2/maths/calcul/think-board-division-groupement,c5fc463a,Divisions-groupement: tableau des 4 modes,CE2,maths,calcul,moyen,4,4,,think-board,,M1.3
exercice,fr/exercices/ce2/maths/calcul/think-board-division-partage,d67e09ac,Divisions-partage: tableau des 4 modes,CE2,maths,calcul,moyen,4,4,,think-board,,M1.2
exercice,fr/exercices/ce2/maths/calcul/think-board-multiplication,b1af1016,Multiplications: tableau des 4 modes,CE2,maths,calcul,moyen,5,5,,think-board,,M1.1
exercice,fr/exercices/ce2/maths/calcul/trouver-erreur-01,c86997d0,Trouve l'erreur,CE2,maths,calcul,moyen,4,4,,error-analysis,,S1.1.1
application,fr/applications/ce2/maths/calcul/complement-a-1000,bd9ef99c,Complément à 1000,CE2,maths,calcul,difficile,1,10,,number-check,complementNombre,S1.1.2
application,fr/applications/ce2/maths/calcul/estimation-somme-difficile,ec9d1c29,Estimer une somme,CE2,maths,calcul,difficile,1,10,,mcq,estimationSomme,S1.1.3
application,fr/applications/ce2/maths/calcul/grouper-a-10-03,b782d9d6,Grouper pour faire 10 ,CE2,maths,calcul,difficile,1,10,,number-check,groupeA10,S1.1.2
application,fr/applications/ce2/maths/calcul/mult-etapes-03,f9a71c5b,Multiplier par 1 000,CE2,maths,calcul,difficile,1,8,,number-check,multiplicationsEtapes,S1.1.3
application,fr/applications/ce2/maths/calcul/somme-1000-02,d5e3f2a4,Calcul réfléchi 1 000,CE2,maths,calcul,difficile,1,6,,tile-select,sommesCibles,S1.1.3
defi,fr/defis/ce2/maths/calcul/calcul-rapide-03,e5d608bf,Calcul rapide CE2,CE2,maths,calcul,difficile,1,60,too-long,number-check,fluencyMix,S1.1.1
exercice,fr/exercices/ce2/maths/calcul/think-board-mix,aa1d84a9,Opérations mélangées: tableau des 4 modes,CE2,maths,calcul,difficile,5,5,,think-board,,M1
application,fr/applications/ce2/maths/donnees/lire-tableau-01,f6b40001,Tableau le plus moins,CE2,maths,donnees,facile,1,12,,tile-select,lireTableauTile,D1.1.1
exercice,fr/exercices/ce2/maths/donnees/donnees-01,ed533db4,Construire un diagramme en barres,CE2,maths,donnees,moyen,3,3,,bar-chart,,D1.1.1
exercice,fr/exercices/ce2/maths/donnees/donnees-02,d34c1b97,Lire un diagramme en barres,CE2,maths,donnees,moyen,3,3,,bar-chart,,D1.1.1
application,fr/applications/ce2/maths/fractions/fraction-du-nombre-01,a5b6c7d8,La moitié et le quart,CE2,maths,fractions,facile,1,10,,number-check,fractionDuNombre,S2.1.3
exercice,fr/exercices/ce2/maths/fractions/ecrire-fraction-01,d4e5f6b8,Écrire une fraction,CE2,maths,fractions,facile,5,5,,fraction-check,,S2.1.3
exercice,fr/exercices/ce2/maths/fractions/fractions-01,e659838b,Fractions simples,CE2,maths,fractions,facile,5,5,,true-false | number-check | mcq,,S2.1.3
exercice,fr/exercices/ce2/maths/fractions/fractions-collection-01,c7d8e9f0,Fractions d'une collection,CE2,maths,fractions,facile,6,6,,number-check,,S2.1.3
exercice,fr/exercices/ce2/maths/fractions/fractions-colorier,eb65ece0,Colorie la fraction,CE2,maths,fractions,facile,6,6,,fraction-paint,,S1.1.1
exercice,fr/exercices/ce2/maths/fractions/lire-fraction-01,a3f1d920,Lire des fractions,CE2,maths,fractions,facile,5,5,,fraction,,S2.1.3
application,fr/applications/ce2/maths/fractions/fraction-du-nombre-02,b6c7d8e9,"Moitié, tiers et quart",CE2,maths,fractions,moyen,1,12,,number-check,fractionDuNombre,S2.1.3
exercice,fr/exercices/ce2/maths/fractions/fractions-comparer-01,d8e9f0a1,Comparer des fractions simples,CE2,maths,fractions,moyen,4,4,,true-false | compare | drag-sort | mcq,,S2.1.3
exercice,fr/exercices/ce2/maths/fractions/fractions-parties-groupe-01,ad4c3a8b,Une fraction d'un groupe,CE2,maths,fractions,moyen,5,5,,number-check,,S2.1.3
exercice,fr/exercices/ce2/maths/geometrie/proprietes-01,e819299b,Propriétés des figures,CE2,maths,geometrie,facile,5,5,,checkbox,,S1.1.1
exercice,fr/exercices/ce2/maths/geometrie/quadrillage-lire-01,c33e9d85,Lire les coordonnées d'un point,CE2,maths,geometrie,facile,5,5,,coordinate-grid,,S1.1.1
exercice,fr/exercices/ce2/maths/geometrie/quadrillage-placer-01,b65f15c7,Placer un point,CE2,maths,geometrie,facile,5,5,,coordinate-grid,,S1.1.1
exercice,fr/exercices/ce2/maths/geometrie/solides-02,add0fa62,Nommer les solides,CE2,maths,geometrie,facile,4,4,,mcq,,S1.1.1
exercice,fr/exercices/ce2/maths/geometrie/vrai-faux-01,b9e293cd,Vrai ou faux ? Géométrie,CE2,maths,geometrie,facile,3,3,,true-false,,S3.2.3
exercice,fr/exercices/ce2/maths/geometrie/angles-01,f2686b6b,Les angles,CE2,maths,geometrie,moyen,3,3,,matching | true-false | mcq,,S1.1.1
exercice,fr/exercices/ce2/maths/geometrie/paralleles-perpendiculaires-01,d63bf7ba,Parallèles et perpendiculaires,CE2,maths,geometrie,moyen,4,4,,checkbox | true-false,,S1.1.1
exercice,fr/exercices/ce2/maths/geometrie/proprietes-formes,f9ee2a66,Propriétés des figures,CE2,maths,geometrie,moyen,4,4,,svg-tiles,,S1.1.1
exercice,fr/exercices/ce2/maths/geometrie/solides-01,a9a121ac,Les solides,CE2,maths,geometrie,moyen,3,3,,matching | true-false,,S2.1.1
exercice,fr/exercices/ce2/maths/geometrie/symetrie-01,efda52db,La symétrie,CE2,maths,geometrie,moyen,2,2,,true-false | matching,,S1.1.1
exercice,fr/exercices/ce2/maths/geometrie/triangles-01,bb2db41f,Les triangles,CE2,maths,geometrie,moyen,3,3,,matching | true-false | mcq,,S1.1.1
application,fr/applications/ce2/maths/logique/kenken-3x3,d1f5e8c4,KenKen 3×3,CE2,maths,logique,facile,1,6,,kenken,kenkenPuzzle,S1.1.1
application,fr/applications/ce2/maths/logique/labyrinthe-pairs,d60d4763,Labyrinthe nombres pairs,CE2,maths,logique,facile,1,5,,maze,labyrinthe,S1.1.1
application,fr/applications/ce2/maths/logique/venn-emojis,b30fee39,Diagramme de Venn,CE2,maths,logique,facile,1,5,,venn,vennEmojis,S3.1.1
application,fr/applications/ce2/maths/logique/venn-formes,a661b064,Diagramme de Venn Figures,CE2,maths,logique,facile,1,5,,venn,vennFormes,S3.1.1
application,fr/applications/ce2/maths/logique/venn-nombres,f625054e,Diagramme de Venn Nombres,CE2,maths,logique,facile,1,6,,venn,vennNombres,S3.1.1
application,fr/applications/ce2/maths/logique/futoshiki-4x4,a3f7c2e1,Futoshiki 4×4,CE2,maths,logique,moyen,1,5,,futoshiki,futoshikiPuzzle,S1.1.1
application,fr/applications/ce2/maths/logique/kenken-4x4,e9b3d7a2,KenKen 4×4,CE2,maths,logique,moyen,1,5,,kenken,kenkenPuzzle,S1.1.1
application,fr/applications/ce2/maths/logique/labyrinthe-mult3,bbb1a25b,Labyrinthe multiples de 3,CE2,maths,logique,moyen,1,5,,maze,labyrinthe,S1.1.1
application,fr/applications/ce2/maths/logique/numberlink-4x4,b5c3e7f2,Numberlink 4×4,CE2,maths,logique,moyen,1,5,,numberlink,numberlinkPuzzle,S1.1.1
exercice,fr/exercices/ce2/maths/logique/enigmes-fruits-01,ae577336,Énigmes de fruits,CE2,maths,logique,moyen,3,3,,problem,,S3.2.2
exercice,fr/exercices/ce2/maths/logique/grilles-01,da73b97f,Grilles logiques,CE2,maths,logique,moyen,5,5,,logic-grid,,S3.2.2
exercice,fr/exercices/ce2/maths/logique/suites-figurales-01,d0a06044,Suites de figures,CE2,maths,logique,moyen,5,5,,mcq,,S3.2.1
application,fr/applications/ce2/maths/mesures/lire-heure-matching-01,a8b9c0d1,Lire l'heure pile et demie,CE2,maths,mesures,facile,1,4,,matching,lireHeureMatching,I1.1.1
application,fr/applications/ce2/maths/mesures/suites-horaires-heures,dd3acbd4,Suites d'heures,CE2,maths,mesures,facile,1,10,,sequence,suitesHoraires,I1.1.1
application,fr/applications/ce2/maths/mesures/unites-mesure-01,a52b0d54,Unites mesure cm m,CE2,maths,mesures,facile,1,12,,tile-select,unitesMesure,I1.1.2
exercice,fr/exercices/ce2/maths/mesures/balance-01,e93f5398,La balance: trouver un poids,CE2,maths,mesures,facile,5,5,,number-check,,I1.1.2
exercice,fr/exercices/ce2/maths/mesures/heure-01,d168f178,Lire l'heure: heures et demies,CE2,maths,mesures,facile,5,5,,clock,,I1.1.1
exercice,fr/exercices/ce2/maths/mesures/monnaie-01,f5155038,La monnaie,CE2,maths,mesures,facile,4,4,,true-false | number-check | matching,,S1.1.1
application,fr/applications/ce2/maths/mesures/lire-heure,be0e466f,Lire l'heure,CE2,maths,mesures,moyen,1,10,,clock,lireHeure,I1.1.1
application,fr/applications/ce2/maths/mesures/lire-heure-gen,ace5417e,Lire l'heure 5 minutes,CE2,maths,mesures,moyen,1,10,,clock,lireHeure,I1.1.1
application,fr/applications/ce2/maths/mesures/lire-heure-matching-02,b9c0d1e2,Lire l'heure quarts,CE2,maths,mesures,moyen,1,4,,matching,lireHeureMatching,I1.1.1
application,fr/applications/ce2/maths/mesures/perimetre,a4f633a0,Périmètres,CE2,maths,mesures,moyen,1,10,,number-check,perimetreFormes,S1.2.1
application,fr/applications/ce2/maths/mesures/unites-mesure-02,a9d8ada8,Unites mesure mm cm m,CE2,maths,mesures,moyen,1,14,too-long,tile-select,unitesMesure,I1.1.2
exercice,fr/exercices/ce2/maths/mesures/balance-02,b60c1e71,La balance: possible ou impossible ?,CE2,maths,mesures,moyen,8,8,,tile-select,,I1.1.2
exercice,fr/exercices/ce2/maths/mesures/calendrier-01,f01d913e,Lire un calendrier,CE2,maths,mesures,moyen,3,3,,multi-question,,I1.1.1
exercice,fr/exercices/ce2/maths/mesures/contenances-01,fac00afe,Les contenances,CE2,maths,mesures,moyen,3,3,,convert | true-false,,S1.1.1
exercice,fr/exercices/ce2/maths/mesures/durees-01,b3d9c041,Intuition des durées,CE2,maths,mesures,moyen,10,10,,mcq,,I1.1.1
exercice,fr/exercices/ce2/maths/mesures/durees-02,c2a6e481,Estimer une durée,CE2,maths,mesures,moyen,6,6,,matching,,I1.1.1
exercice,fr/exercices/ce2/maths/mesures/durees-03,cffc03e5,Les durées,CE2,maths,mesures,moyen,3,3,,matching | number-check | true-false,,I1.1.1
exercice,fr/exercices/ce2/maths/mesures/durees-calcul-01,c3823d72,Calculer des durées,CE2,maths,mesures,moyen,5,5,,problem,,A2.1
exercice,fr/exercices/ce2/maths/mesures/heure-02,c65bed24,Lire l'heure pas de 5 minutes,CE2,maths,mesures,moyen,5,5,,clock,,I1.1.1
exercice,fr/exercices/ce2/maths/mesures/longueurs-01,b91edc89,Mesures de longueurs,CE2,maths,mesures,moyen,3,3,,convert,,S1.1.1
exercice,fr/exercices/ce2/maths/mesures/masses-01,c82df9fd,Les masses,CE2,maths,mesures,moyen,2,2,,convert | true-false,,S1.1.1
exercice,fr/exercices/ce2/maths/mesures/perimetre-01,e3cdb95d,Le périmètre,CE2,maths,mesures,moyen,5,5,,number-check,,S1.1.1
application,fr/applications/ce2/maths/mesures/lire-heure-matching-03,c0d1e2f3,Lire l'heure 5 minutes,CE2,maths,mesures,difficile,1,4,,matching,lireHeureMatching,I1.1.1
application,fr/applications/ce2/maths/mesures/unites-mesure-03,ddbc0889,Unites mesure mm cm m km,CE2,maths,mesures,difficile,1,14,too-long,tile-select,unitesMesure,I1.1.2
application,fr/applications/ce2/maths/numeration/ajouter-valeur-pos-facile,ae5b79a3,Ajouter une valeur,CE2,maths,numeration,facile,1,12,,number-check,ajouterPositionnel,S2.1.2
application,fr/applications/ce2/maths/numeration/arabic-to-roman-facile,e22820d6,Ecrire chiffres romains,CE2,maths,numeration,facile,1,10,,number-check,romanNumeralsReverse,S2.1.4
application,fr/applications/ce2/maths/numeration/arrondir-dizaine,c2f855b3,Arrondir à la dizaine,CE2,maths,numeration,facile,1,10,,number-check,arrondirNombre,S3.1.2
application,fr/applications/ce2/maths/numeration/blocs-valeur-position-01,b5d1c428,Valeur de position,CE2,maths,numeration,facile,1,8,,click-blocks,blocsValeurPosition,S2.1.2
application,fr/applications/ce2/maths/numeration/comparaison-nombres-01,d437c989,Comparer des nombres,CE2,maths,numeration,facile,1,6,,compare,comparaisonNombres,S3.1.1
application,fr/applications/ce2/maths/numeration/convertir-centaines-dizaines,d4f10001,Convertir centaines,CE2,maths,numeration,facile,1,12,,number-check,convertirValeurPos,S2.1.2
application,fr/applications/ce2/maths/numeration/convertir-dizaines-unites,d4f10002,Convertir dizaines et unités,CE2,maths,numeration,facile,1,12,,number-check,convertirValeurPos,S2.1.2
application,fr/applications/ce2/maths/numeration/decomp-additif-01,a3f72b01,Décomposer un nombre,CE2,maths,numeration,facile,1,12,,decomp,decompoAdditif,S2.1.2
application,fr/applications/ce2/maths/numeration/lire-boulier,f97f1def,Lire un boulier,CE2,maths,numeration,facile,3,18,too-long,number-check,lireAbacus,S2.1.2
application,fr/applications/ce2/maths/numeration/multiples-tile-01,e87045a8,Multiples de 2 et 5,CE2,maths,numeration,facile,1,10,,tile-select,multiplesOfTile,S3.2.1
application,fr/applications/ce2/maths/numeration/nombre-chiffres-01,b75e323a,Combien de chiffres,CE2,maths,numeration,facile,1,8,,tile-select,nombreChiffresSelect,S2.1.1
application,fr/applications/ce2/maths/numeration/nombres-pairs-impairs,a790dc59,Nombres pairs et impairs,CE2,maths,numeration,facile,3,15,too-long,checkbox,nombresPairsImpairs,S3.2.1
application,fr/applications/ce2/maths/numeration/ordre-nombres-01,d3f7a192,Plus grand ou plus petit,CE2,maths,numeration,facile,1,10,,tile-select,comparerNombres,S3.1.2
application,fr/applications/ce2/maths/numeration/place-valeur-01,e2413106,"Unités, dizaines, centaines",CE2,maths,numeration,facile,1,15,too-long,number-check,chiffrePlaceValeur,S2.1.2
application,fr/applications/ce2/maths/numeration/recomposer-facile,ff79ae03,Recomposer un nombre,CE2,maths,numeration,facile,1,10,,number-check,recomposerNombre,S2.1.2
application,fr/applications/ce2/maths/numeration/roman-to-arabic-facile,ff80de47,Lire chiffres romains,CE2,maths,numeration,facile,1,10,,number-check,romanNumerals,S2.1.4
application,fr/applications/ce2/maths/numeration/tableau-numeration-01,e7d98a75,Tableau de numération,CE2,maths,numeration,facile,3,16,too-long,fill-table,decompoTableau,S2.1.2
exercice,fr/exercices/ce2/maths/numeration/base10-01,aeed3b5f,Les blocs de base 10 jusqu'à 999,CE2,maths,numeration,facile,6,6,,base-10,,S2.1.2
exercice,fr/exercices/ce2/maths/numeration/suites-01,c939b7ee,Suites de nombres,CE2,maths,numeration,facile,4,4,,sequence,,S3.2.1
exercice,fr/exercices/ce2/maths/numeration/trier-nombres-01,bfbd8268,Ranger des nombres dans l'ordre,CE2,maths,numeration,facile,5,5,,drag-sort,,S3.1.2
application,fr/applications/ce2/maths/numeration/ajouter-valeur-pos-moyen,a35fad5c,Ajouter une valeur,CE2,maths,numeration,moyen,1,12,,number-check,ajouterPositionnel,S2.1.2
application,fr/applications/ce2/maths/numeration/arabic-to-roman-moyen,e163e4ac,Ecrire chiffres romains,CE2,maths,numeration,moyen,1,10,,number-check,romanNumeralsReverse,S2.1.4
application,fr/applications/ce2/maths/numeration/arrondir-centaine,fb7fdbbb,Arrondir à la centaine,CE2,maths,numeration,moyen,2,20,too-long,number-check,arrondirNombre,S3.1.2
application,fr/applications/ce2/maths/numeration/coloriage-magique-01,d27d7b31,Coloriage magique étoile,CE2,maths,numeration,moyen,1,2,,magic-color,magicColorGrid,S3.2.1
application,fr/applications/ce2/maths/numeration/comparaison-nombres-02,ae25ebc1,Comparer des nombres,CE2,maths,numeration,moyen,1,6,,compare,comparaisonNombres,S3.1.1
application,fr/applications/ce2/maths/numeration/comparer-10000,fa708ecd,Comparer des nombres,CE2,maths,numeration,moyen,1,10,,tile-select,comparerNombres,S3.1.1
application,fr/applications/ce2/maths/numeration/convertir-valeur-melange,d4f10003,Valeurs de position,CE2,maths,numeration,moyen,1,15,too-long,number-check,convertirValeurPos,S2.1.2
application,fr/applications/ce2/maths/numeration/multiples-classer-01,b3afcf2d,Classer les multiples,CE2,maths,numeration,moyen,1,10,,classify,classerMultiples,S3.2.1
application,fr/applications/ce2/maths/numeration/nombres-pairs-impairs-02,b3e7f21a,Pairs et impairs,CE2,maths,numeration,moyen,3,15,too-long,checkbox,nombresPairsImpairs,S3.2.1
application,fr/applications/ce2/maths/numeration/ordre-nombres-02,e4c8b203,Comparer des nombres,CE2,maths,numeration,moyen,1,10,,tile-select,comparerNombres,S3.1.2
application,fr/applications/ce2/maths/numeration/recomposer-moyen,bbc6bed6,Recomposer un nombre,CE2,maths,numeration,moyen,1,10,,number-check,recomposerNombre,S2.1.2
application,fr/applications/ce2/maths/numeration/roman-to-arabic-moyen,d1bbe0af,Lire chiffres romains,CE2,maths,numeration,moyen,1,10,,number-check,romanNumerals,S2.1.4
application,fr/applications/ce2/maths/numeration/suites-ce2,b5a2d023,Suites de nombres,CE2,maths,numeration,moyen,1,10,,sequence,compterDeNCE1,S3.2.1
exercice,fr/exercices/ce2/maths/numeration/base10-02,cbe5b194,Les blocs de base 10,CE2,maths,numeration,moyen,6,6,,base-10,,S2.1.2
exercice,fr/exercices/ce2/maths/numeration/droite-graduee-01,e85fea16,Droite graduée: lire et placer,CE2,maths,numeration,moyen,5,5,,number-line,,S1.1.1
exercice,fr/exercices/ce2/maths/numeration/encadrement-01,ece691f8,Encadrement à la centaine,CE2,maths,numeration,moyen,3,3,,bounding,,S1.1.1
exercice,fr/exercices/ce2/maths/numeration/nombre-mysterieux-01,de94e77b,Nombre mystérieux,CE2,maths,numeration,moyen,5,5,,number-check,,S2.1.2
exercice,fr/exercices/ce2/maths/numeration/ordonner-01,dd2805e3,Ordonner des nombres,CE2,maths,numeration,moyen,3,3,,sort,,S3.1.2
exercice,fr/exercices/ce2/maths/numeration/valeur-position-erreur-01,ebff381c,Corrige l'écriture du nombre,CE2,maths,numeration,moyen,4,4,,error-analysis,,S1.1.1
application,fr/applications/ce2/maths/numeration/ajouter-valeur-pos-difficile,e6c5ba70,Ajouter une valeur,CE2,maths,numeration,difficile,1,12,,number-check,ajouterPositionnel,S2.1.2
application,fr/applications/ce2/maths/numeration/arabic-to-roman-difficile,e1064158,Ecrire chiffres romains,CE2,maths,numeration,difficile,1,10,,number-check,romanNumeralsReverse,S2.1.4
application,fr/applications/ce2/maths/numeration/arrondir-millier,c492d9af,Arrondir au millier,CE2,maths,numeration,difficile,1,10,,number-check,arrondirNombre,S3.1.2
application,fr/applications/ce2/maths/numeration/comparaison-nombres-03,c71202d0,Comparer des nombres,CE2,maths,numeration,difficile,1,6,,compare,comparaisonNombres,S3.1.1
application,fr/applications/ce2/maths/numeration/recomposer-difficile,ead3b372,Recomposer un nombre,CE2,maths,numeration,difficile,1,10,,number-check,recomposerNombre,S2.1.2
application,fr/applications/ce2/maths/numeration/roman-to-arabic-difficile,e5aeb175,Lire chiffres romains,CE2,maths,numeration,difficile,1,10,,number-check,romanNumerals,S2.1.4
exercice,fr/exercices/ce2/maths/problemes/comparaison-ecart-01,a4b5c6d7,Quelle est la différence ?,CE2,maths,problemes,facile,5,5,,problem,,A3.1
exercice,fr/exercices/ce2/maths/problemes/division-groupement-01,d7e8f9a0,Combien de groupes ?,CE2,maths,problemes,facile,5,5,,problem,,M1.3
exercice,fr/exercices/ce2/maths/problemes/division-partage-01,c6d7e8f9,Partager en parts égales,CE2,maths,problemes,facile,5,5,,problem,,M1.2
exercice,fr/exercices/ce2/maths/problemes/fois-plus-01,a6b7c8d9,Fois plus,CE2,maths,problemes,facile,5,5,,problem,,M2.1
exercice,fr/exercices/ce2/maths/problemes/quotidien-01,fdf25fcb,Problèmes du quotidien,CE2,maths,problemes,facile,4,4,,problem,,M1.1
exercice,fr/exercices/ce2/maths/problemes/bar-model-parties,ae680321,Modèle en barres: parties et tout,CE2,maths,problemes,moyen,4,4,,bar-model,,A1
exercice,fr/exercices/ce2/maths/problemes/choix-operation-01,e6f7a8b9,Quelle opération choisir ?,CE2,maths,problemes,moyen,5,5,,select | multi-question,,S1.1.1
exercice,fr/exercices/ce2/maths/problemes/combien-de-fois-01,c2dd8614,Combien de fois plus ?,CE2,maths,problemes,moyen,5,5,,problem,,M2.2
exercice,fr/exercices/ce2/maths/problemes/comparaison-etat-compare-01,b5c6d7e8,"De plus, de moins...",CE2,maths,problemes,moyen,5,5,,problem,,A3.2
exercice,fr/exercices/ce2/maths/problemes/comparaison-referent-01,c4d5e6f7,Trouver le référent,CE2,maths,problemes,moyen,5,5,,problem,,A3.3
exercice,fr/exercices/ce2/maths/problemes/composition-transformations-01,b2c3d4e5,"Deux changements, quel bilan ?",CE2,maths,problemes,moyen,5,5,,problem,,A4.2
exercice,fr/exercices/ce2/maths/problemes/guided-a3,e1dbd46e,Comparer deux quantités: guidé,CE2,maths,problemes,moyen,3,3,,guided-problem,,A3
exercice,fr/exercices/ce2/maths/problemes/guided-fois-plus,e5d72b04,"Fois plus, fois moins: guidé",CE2,maths,problemes,moyen,3,3,,guided-problem,,M1.2
exercice,fr/exercices/ce2/maths/problemes/guided-m1,bcd40ed7,Proportionnalité simple: guidé,CE2,maths,problemes,moyen,3,3,,guided-problem,,M1
exercice,fr/exercices/ce2/maths/problemes/guided-mesures-01,a1b58ad8,Problèmes de durées: guidés,CE2,maths,problemes,moyen,1,1,too-short,guided-problem,,A3.1
exercice,fr/exercices/ce2/maths/problemes/guided-mesures-02,c8f2a391,Problèmes d'argent: guidés,CE2,maths,problemes,moyen,3,3,,guided-problem,,A3.2
exercice,fr/exercices/ce2/maths/problemes/piege-du-capitaine,e6b51289,Le piège du capitaine,CE2,maths,problemes,moyen,6,6,,mcq,,S3.2.2
exercice,fr/exercices/ce2/maths/problemes/problemes-inverses,edaeff3d,Problèmes inverses,CE2,maths,problemes,moyen,3,3,,inverse-problem,,S2.2.2
exercice,fr/exercices/ce2/maths/problemes/transformation-etat-initial-01,f3a4b5c6,Quel était le début ?,CE2,maths,problemes,moyen,5,5,,problem,,A2.4
exercice,fr/exercices/ce2/maths/problemes/transformation-inconnue-01,e2f3a4b5,Que s'est-il passé ?,CE2,maths,problemes,moyen,5,5,,problem,,A2.3
exercice,fr/exercices/ce2/maths/problemes/valeur-unitaire-01,f3e2d1c0,Trouver le prix à l'unité,CE2,maths,problemes,moyen,5,5,,multi-question,,S1.1.1
exercice,fr/exercices/ce2/maths/problemes/bar-model-comparaison,d628b555,Modèle en barres: comparaison,CE2,maths,problemes,difficile,4,4,,bar-model,,A3
exercice,fr/exercices/ce2/maths/problemes/comparaison-etat-compare-02,b7c8d9e0,"De plus, de moins...",CE2,maths,problemes,difficile,5,5,,problem,,A3.2
exercice,fr/exercices/ce2/maths/problemes/comparaison-referent-02,b124a13c,Retrouver l'autre quantité,CE2,maths,problemes,difficile,5,5,,problem,,A3.3
exercice,fr/exercices/ce2/maths/problemes/transformation-etat-initial-02,a63aa703,Quel était le début ?,CE2,maths,problemes,difficile,5,5,,problem,,A2.4
exercice,fr/exercices/ce2/maths/problemes/transformation-etat-initial-03,c69b3aab,Combien avant ?,CE2,maths,problemes,difficile,5,5,,problem,,A2.4
application,fr/applications/cm1/maths/calcul/calcul-mental-grands-01,a0025999,Calcul mental grands nombres,CM1,maths,calcul,facile,1,8,,number-check,calcMentalGrands,S1.1.3
application,fr/applications/cm1/maths/calcul/div-puissances-10-01,bc3f7d3a,Diviser par 10 à 1 000,CM1,maths,calcul,facile,1,10,,number-check,divDecimales,S1.1.3
application,fr/applications/cm1/maths/calcul/mult-div-trou-01,df163081,Puissances de 10,CM1,maths,calcul,facile,1,10,,number-check,multDivTrou,S2.2.2
application,fr/applications/cm1/maths/calcul/mult-puissances-10-01,d1e2f3a4,Multiplier par 10 à 1 000,CM1,maths,calcul,facile,1,10,,number-check,multDecimales,S1.1.3
application,fr/applications/cm1/maths/calcul/multi-decimal-pow10-facile,ff368f2f,Multiplier un décimal par 10,CM1,maths,calcul,facile,1,12,,number-check,multiDecimalPuissance10,S2.1.2
application,fr/applications/cm1/maths/calcul/multiplication-trou-facile,c019773e,Multiplications à trou,CM1,maths,calcul,facile,1,10,,number-check,multiplicationTrou,S1.1.3
application,fr/applications/cm1/maths/calcul/schemas-operateurs-01,a81b228a,"Schémas d'opérateurs × 10, × 100",CM1,maths,calcul,facile,1,6,,op-triangle,triangleOperateurs,S1.1.3
application,fr/applications/cm1/maths/calcul/table-10,ba86f1bd,Table de 10,CM1,maths,calcul,facile,1,10,,number-check,multiplicationSimple,S1.1.1
application,fr/applications/cm1/maths/calcul/table-11,b72da1ab,Table de 11,CM1,maths,calcul,facile,1,10,,number-check,multiplicationSimple,S1.1.1
application,fr/applications/cm1/maths/calcul/table-12,cedc2e31,Table de 12,CM1,maths,calcul,facile,1,10,,number-check,multiplicationSimple,S1.1.1
application,fr/applications/cm1/maths/calcul/table-13,a43b15fe,Table de 13,CM1,maths,calcul,facile,1,10,,number-check,multiplicationSimple,S1.1.1
defi,fr/defis/cm1/maths/calcul/calcul-rapide-01,f072260c,Calcul rapide CM1,CM1,maths,calcul,facile,1,60,too-long,number-check,fluencyMix,S1.1.1
exercice,fr/exercices/cm1/maths/calcul/divisions-02,d4e8b127,Division en groupes,CM1,maths,calcul,facile,8,8,,number-check,,S1.1.1
exercice,fr/exercices/cm1/maths/calcul/divisions-03,c9f2a748,Lien multiplication et division,CM1,maths,calcul,facile,8,8,,number-check,,S1.1.1
exercice,fr/exercices/cm1/maths/calcul/estimer-addition-01,dea08899,Estimer une addition,CM1,maths,calcul,facile,5,5,,mcq,,S1.1.1
exercice,fr/exercices/cm1/maths/calcul/estimer-multiplication-01,d8daf012,Estimer une multiplication,CM1,maths,calcul,facile,5,5,,mcq,,S1.1.1
application,fr/applications/cm1/maths/calcul/addition-trou,aa335a76,Additions à trou,CM1,maths,calcul,moyen,1,10,,number-check,additionTrou,S1.1.3
application,fr/applications/cm1/maths/calcul/ajouter-decimaux,acf67d2f,Additions de décimaux,CM1,maths,calcul,moyen,1,10,,number-check,additionDecimaux,S1.1.3
application,fr/applications/cm1/maths/calcul/calcul-mental-grands-02,fd827605,Calcul mental grands nombres,CM1,maths,calcul,moyen,1,8,,number-check,calcMentalGrands,S1.1.3
application,fr/applications/cm1/maths/calcul/coloriage-tables-cm1,c4e7b2d9,Coloriage tables,CM1,maths,calcul,moyen,5,15,too-long,magic-color,magicColorGrid,M1.1
application,fr/applications/cm1/maths/calcul/comparer-div-nombre,c3719208,Comparer des expressions,CM1,maths,calcul,moyen,1,10,,compare,comparerOpNombre,S3.1.1
application,fr/applications/cm1/maths/calcul/decodage-emojis,e786d02e,Décodage d'Emojis,CM1,maths,calcul,moyen,1,10,,number-check,decodageEmojis,S2.1.4
application,fr/applications/cm1/maths/calcul/div-puissances-10-02,c4bdc16d,Diviser des décimaux,CM1,maths,calcul,moyen,1,10,,number-check,divDecimales,S1.1.3
application,fr/applications/cm1/maths/calcul/division-euclidienne-01,eef70158,Division avec reste,CM1,maths,calcul,moyen,1,10,,multi-question,divisionEuclidienne,M1.1
application,fr/applications/cm1/maths/calcul/division-simple,dedf26ee,Division simple,CM1,maths,calcul,moyen,1,10,,number-check,divisionSimple,S1.1.1
application,fr/applications/cm1/maths/calcul/division-trou,afdaa14e,Divisions à trou,CM1,maths,calcul,moyen,1,10,,number-check,divisionTrou,S1.1.3
application,fr/applications/cm1/maths/calcul/ecritures-nombre-01,ca013d8f,Écritures d'un nombre,CM1,maths,calcul,moyen,1,8,,number-forms,ecrituresNombre,S1.1.3
application,fr/applications/cm1/maths/calcul/equilibrer-sub-01,e6349d31,Équilibrer des soustractions,CM1,maths,calcul,moyen,1,12,,number-check,equilibrerOp,S2.2.1
application,fr/applications/cm1/maths/calcul/familles-faits,a7b8c9d0,Familles de faits,CM1,maths,calcul,moyen,2,12,,checkbox,famillesFaits,S2.2.2
application,fr/applications/cm1/maths/calcul/machine-decouverte,b0b13a2d,Découvre la règle,CM1,maths,calcul,moyen,1,6,,function-machine,functionMachineDiscover,S1.1.3
application,fr/applications/cm1/maths/calcul/machine-fonctions,a720dac4,Machine à fonctions,CM1,maths,calcul,moyen,1,6,,function-machine,functionMachineCompute,S1.1.1
application,fr/applications/cm1/maths/calcul/mult-div-trou-02,e8f9a0b1,Puissances de 10 décimaux,CM1,maths,calcul,moyen,1,10,,number-check,multDivTrou,S2.2.2
application,fr/applications/cm1/maths/calcul/mult-puissances-10-02,a45eb4bf,Multiplier des décimaux,CM1,maths,calcul,moyen,1,10,,number-check,multDecimales,S1.1.3
application,fr/applications/cm1/maths/calcul/multi-decimal-pow10-moyen,aa65c5cf,Multiplier par 10 et 100,CM1,maths,calcul,moyen,1,12,,number-check,multiDecimalPuissance10,S2.1.2
application,fr/applications/cm1/maths/calcul/multiplication-tables,c9d8e7f6,Tables de multiplication,CM1,maths,calcul,moyen,1,15,too-long,number-check,multiplicationSimple,S1.1.1
application,fr/applications/cm1/maths/calcul/multiplication-trou-moyen,fed490a9,Multiplications à trou,CM1,maths,calcul,moyen,1,12,,number-check,multiplicationTrou,S1.1.3
application,fr/applications/cm1/maths/calcul/schemas-operateurs-02,befd9d18,Schémas d'opérateurs,CM1,maths,calcul,moyen,3,8,,op-triangle,triangleOperateurs,S1.1.3
application,fr/applications/cm1/maths/calcul/soustraction-trou,b2915b4c,Soustractions à trou,CM1,maths,calcul,moyen,1,10,,number-check,soustractionTrou,S1.1.3
application,fr/applications/cm1/maths/calcul/soustraire-decimaux,f67a1db1,Soustractions de décimaux,CM1,maths,calcul,moyen,1,10,,number-check,soustractionDecimaux,S1.1.3
application,fr/applications/cm1/maths/calcul/table-fonction-div,e5a30002,Entrée sortie division,CM1,maths,calcul,moyen,1,12,,fill-table,tableEntreeSortie,S2.2.2
application,fr/applications/cm1/maths/calcul/vrai-faux-ops,d5633afa,Vrai ou faux ? Opérations,CM1,maths,calcul,moyen,2,10,,true-false,vraiFauxOps,S3.2.3
defi,fr/defis/cm1/maths/calcul/calcul-rapide-02,a7b284a6,Calcul rapide CM1,CM1,maths,calcul,moyen,1,60,too-long,number-check,fluencyMix,S1.1.1
exercice,fr/exercices/cm1/maths/calcul/addition-posee-decimaux,eaedc203,Addition posée décimaux,CM1,maths,calcul,moyen,6,6,,column-op,,S2.1.3
exercice,fr/exercices/cm1/maths/calcul/calcul-reflechi-01,d829f89d,Calcul réfléchi,CM1,maths,calcul,moyen,5,5,,multi-question,,S1.1.3
exercice,fr/exercices/cm1/maths/calcul/comparer-expressions-01,e582773e,Comparer des expressions sans calculer,CM1,maths,calcul,moyen,4,4,,compare-expressions,,
exercice,fr/exercices/cm1/maths/calcul/divisions-01,cf31768d,Divisions simples,CM1,maths,calcul,moyen,4,4,,number-check,,S1.1.1
exercice,fr/exercices/cm1/maths/calcul/doubles-triples-01,d50a1ac5,"Doubles, moitiés, triples et plus",CM1,maths,calcul,moyen,5,5,,select,,S1.1.2
exercice,fr/exercices/cm1/maths/calcul/ecritures-nombre-01,af1aca94,Écritures d'un nombre,CM1,maths,calcul,moyen,4,4,,number-forms,,S1.1.3
exercice,fr/exercices/cm1/maths/calcul/equivalences-01,edb6f383,Multiplications équivalentes,CM1,maths,calcul,moyen,4,4,,matching,,S1.1.1
exercice,fr/exercices/cm1/maths/calcul/estimation-01,d7689c31,Estimer puis calculer,CM1,maths,calcul,moyen,5,5,,estimation,,
exercice,fr/exercices/cm1/maths/calcul/estimer-addition-02,e3499122,Estimer une addition,CM1,maths,calcul,moyen,5,5,,mcq,,S1.1.1
exercice,fr/exercices/cm1/maths/calcul/estimer-multiplication-02,e2ad7923,Estimer une multiplication,CM1,maths,calcul,moyen,5,5,,mcq,,S1.1.1
exercice,fr/exercices/cm1/maths/calcul/fact-family-add,bb18eb35,Familles de faits: addition et soustraction,CM1,maths,calcul,moyen,4,4,,fact-family,,A1
exercice,fr/exercices/cm1/maths/calcul/fact-family-grandes,af5844e4,Familles de faits: grandes tables,CM1,maths,calcul,moyen,5,5,,fact-family,,M1
exercice,fr/exercices/cm1/maths/calcul/multiplications-01,cd2903a9,Multiplications posées,CM1,maths,calcul,moyen,3,3,,number-check,,S1.1.1
exercice,fr/exercices/cm1/maths/calcul/tableaux-produits-01,f8ef7ed6,Tableaux de multiplications,CM1,maths,calcul,moyen,3,3,,fill-table,,S1.1.1
exercice,fr/exercices/cm1/maths/calcul/think-board-divisions-grandes,b647718a,Grandes divisions: tableau des 4 modes,CM1,maths,calcul,moyen,5,5,,think-board,,M1.2
exercice,fr/exercices/cm1/maths/calcul/think-board-grandes-multiplications,dbb03a6f,Grandes multiplications: tableau des 4 modes,CM1,maths,calcul,moyen,5,5,,think-board,,M1.1
exercice,fr/exercices/cm1/maths/calcul/trouver-erreur-01,e9e36569,Qui a raison ?,CM1,maths,calcul,moyen,4,4,,compare-solutions,,S1.1.1
application,fr/applications/cm1/maths/calcul/calcul-mental-grands-03,c545854b,Calcul mental grands nombres,CM1,maths,calcul,difficile,1,8,,number-check,calcMentalGrands,S1.1.3
application,fr/applications/cm1/maths/calcul/comparer-expressions,d0e1f2a3,Compare sans calculer,CM1,maths,calcul,difficile,1,8,,compare,compareExpressions,S3.1.1
application,fr/applications/cm1/maths/calcul/decodage-monstres,e6854920,Décodage de Monstres,CM1,maths,calcul,difficile,1,10,,number-check,decodageEmojis,S2.1.4
application,fr/applications/cm1/maths/calcul/div-puissances-10-03,b1a60a68,Diviser grandes puissances,CM1,maths,calcul,difficile,1,10,,number-check,divDecimales,S1.1.3
application,fr/applications/cm1/maths/calcul/mult-div-trou-03,f9a0b1c2,Toutes les puissances de 10,CM1,maths,calcul,difficile,1,10,,number-check,multDivTrou,S2.2.2
application,fr/applications/cm1/maths/calcul/mult-puissances-10-03,ccc65867,Multiplier grandes puissances,CM1,maths,calcul,difficile,1,10,,number-check,multDecimales,S1.1.3
application,fr/applications/cm1/maths/calcul/multiplication-trou-difficile,d3a1fd54,Multiplications à trou,CM1,maths,calcul,difficile,1,12,,number-check,multiplicationTrou,S1.1.3
application,fr/applications/cm1/maths/calcul/pyramides,b89f9bad,Pyramides d'additions,CM1,maths,calcul,difficile,1,8,,pyramid,pyramideAdditions,S1.2.2
application,fr/applications/cm1/maths/calcul/pyramides-compl,bf72589c,Pyramides à trous,CM1,maths,calcul,difficile,1,8,,pyramid,pyramideAdditions,S1.2.2
application,fr/applications/cm1/maths/calcul/pyramides-inv,b44ba635,Retrouve la base,CM1,maths,calcul,difficile,1,8,,pyramid,pyramideAdditions,S1.2.2
application,fr/applications/cm1/maths/calcul/triangle-arithmetique,d9d3e15f,Triangle arithmétique,CM1,maths,calcul,difficile,2,12,,tri-arith,triArith,S1.2.2
defi,fr/defis/cm1/maths/calcul/calcul-rapide-03,d132bcb7,Calcul rapide CM1,CM1,maths,calcul,difficile,1,60,too-long,number-check,fluencyMix,S1.1.1
exercice,fr/exercices/cm1/maths/calcul/calcul-reflechi-02,cfb6d0e3,Chaînes de calcul,CM1,maths,calcul,difficile,5,5,,calc-chain,,S1.1.3
exercice,fr/exercices/cm1/maths/calcul/division-posee-01,c656689e,Division posée par 2 chiffres,CM1,maths,calcul,difficile,5,5,,number-check,,S1.2.1
exercice,fr/exercices/cm1/maths/calcul/estime-puis-calcule,a46fcf69,Estime puis calcule,CM1,maths,calcul,difficile,6,6,,multi-question,,S1.1.1
exercice,fr/exercices/cm1/maths/calcul/liens-numeriques-01,a9148ec9,Maîtrise des liens numériques,CM1,maths,calcul,difficile,8,8,,number-check,,S1.2.1
exercice,fr/exercices/cm1/maths/calcul/liens-numeriques-decimaux-01,f055c31e,Calcul mental avec les décimaux,CM1,maths,calcul,difficile,7,7,,number-check,,S1.3.1
exercice,fr/exercices/cm1/maths/calcul/pyramides-01,c268f457,Pyramides d'additions CM1,CM1,maths,calcul,difficile,4,4,,pyramid,,S1.2.2
exercice,fr/exercices/cm1/maths/calcul/pyramides-02,ba49b2ae,Pyramides: grands nombres,CM1,maths,calcul,difficile,5,5,,pyramid,,S1.2.2
exercice,fr/exercices/cm1/maths/calcul/pyramides-decimaux-01,b6da0e79,Pyramides: nombres décimaux,CM1,maths,calcul,difficile,5,5,,pyramid,,S1.2.2
exercice,fr/exercices/cm1/maths/calcul/think-board-mix-cm1,d5e4054b,Opérations mélangées: tableau des 4 modes,CM1,maths,calcul,difficile,5,5,,think-board,,M1
exercice,fr/exercices/cm1/maths/calcul/think-board-scalaire,be03254c,Comparaison multiplicative: tableau des 4 modes,CM1,maths,calcul,difficile,4,4,,think-board,,M2.1
application,fr/applications/cm1/maths/decimaux/decomposer-decimal-01,d154c39c,Décomposer un nombre décimal,CM1,maths,decimaux,facile,1,8,,tile-select,decomposerDecimal,S2.1.2
application,fr/applications/cm1/maths/decimaux/mcq-decimaux-01,d958cb61,QCM décimaux,CM1,maths,decimaux,facile,1,12,,mcq,mcqDecimaux,S2.1.2
application,fr/applications/cm1/maths/decimaux/trier-decimaux,b51629c0,Trier des décimaux,CM1,maths,decimaux,facile,3,18,too-long,drag-sort,trierDecimaux,S3.1.2
application,fr/applications/cm1/maths/decimaux/trier-decimaux-facile,fecaee3d,Ranger des décimaux,CM1,maths,decimaux,facile,1,12,,drag-sort,trierDecimaux,S3.1.2
application,fr/applications/cm1/maths/decimaux/comparer-decimaux,c2d71e80,Comparer des décimaux,CM1,maths,decimaux,moyen,1,10,,compare,comparerDecimaux,S3.1.1
application,fr/applications/cm1/maths/decimaux/convertir-decimaux,d4f10004,Convertir des décimaux,CM1,maths,decimaux,moyen,1,15,too-long,number-check,convertirValeurPos,S2.1.2
application,fr/applications/cm1/maths/decimaux/decimal-triple-01,bc37e1f0,Représentations des décimaux,CM1,maths,decimaux,moyen,1,10,,decimal-triple,decimalTriple,S2.1.2
application,fr/applications/cm1/maths/decimaux/decomp-decimal-01,b7e93c02,Décomposer les décimaux,CM1,maths,decimaux,moyen,1,12,,decomp,decompoAdditifDecimal,S2.1.2
application,fr/applications/cm1/maths/decimaux/decomposer-decimal-02,f4014b65,Décomposer un nombre décimal,CM1,maths,decimaux,moyen,1,8,,tile-select,decomposerDecimal,S2.1.2
application,fr/applications/cm1/maths/decimaux/mcq-decimaux-02,d58dd91f,QCM décimaux variés,CM1,maths,decimaux,moyen,1,15,too-long,mcq,mcqDecimaux,S2.1.2
application,fr/applications/cm1/maths/decimaux/trier-decimaux-moyen,e2a7c26b,Ranger des décimaux,CM1,maths,decimaux,moyen,1,12,,drag-sort,trierDecimaux,S3.1.2
exercice,fr/exercices/cm1/maths/decimaux/decimaux-01,e72bd0bd,Comprendre les décimaux,CM1,maths,decimaux,moyen,3,3,,true-false | mcq | number-check,,S1.1.1
exercice,fr/exercices/cm1/maths/decimaux/decimaux-02,d4e1f8a3,Tableau de numération décimaux,CM1,maths,decimaux,moyen,2,2,,fill-table,,S1.1.1
exercice,fr/exercices/cm1/maths/decimaux/droite-graduee-01,f9a59f39,Droite graduée et décimaux,CM1,maths,decimaux,moyen,5,5,,number-line,,S1.1.1
exercice,fr/exercices/cm1/maths/decimaux/droite-graduee-02,dbbc76f3,Placer des décimaux,CM1,maths,decimaux,moyen,5,5,,number-line,,S1.1.1
exercice,fr/exercices/cm1/maths/decimaux/regle-graduee-01,c6e59754,Lire un décimal sur la règle graduée,CM1,maths,decimaux,moyen,3,3,,ruler,,S1.1.1
exercice,fr/exercices/cm1/maths/decimaux/suites-decimaux-01,e0789a6a,Suites de nombres décimaux,CM1,maths,decimaux,moyen,5,5,,sequence,,S3.2.1
application,fr/applications/cm1/maths/decimaux/decomposer-decimal-03,caa56e14,Décomposer un nombre décimal,CM1,maths,decimaux,difficile,1,8,,tile-select,decomposerDecimal,S2.1.2
application,fr/applications/cm1/maths/donnees/lire-tableau-02,f6b40002,Lire un tableau,CM1,maths,donnees,moyen,2,15,too-long,tile-select | number-check,lireTableauTile | lireTableauNombre,D1.1.1
exercice,fr/exercices/cm1/maths/donnees/classer-tableaux-01,ccd02417,Classer à partir d'un tableau,CM1,maths,donnees,moyen,2,2,,sort,,S3.1.2
exercice,fr/exercices/cm1/maths/donnees/donnees-01,ab4ee8a0,Construire un diagramme en barres,CM1,maths,donnees,moyen,3,3,,bar-chart,,D1.1.1
exercice,fr/exercices/cm1/maths/donnees/donnees-02,e6b1b74c,Lire un diagramme en barres,CM1,maths,donnees,moyen,3,3,,bar-chart,,D1.1.1
application,fr/applications/cm1/maths/fractions/classer-fractions-01,f66ee7c4,Classer les fractions,CM1,maths,fractions,facile,1,8,,classify,classerFractions,S2.1.2
application,fr/applications/cm1/maths/fractions/egalites-fractions,f3a1d8c6,Égalités de fractions,CM1,maths,fractions,facile,1,10,,tile-select,egalitesFractions,S2.1.3
application,fr/applications/cm1/maths/fractions/fraction-decimale-ecriture,b3e7d1f4,Écriture décimale,CM1,maths,fractions,facile,2,20,too-long,number-check,fractionDecimale,S2.1.3
application,fr/applications/cm1/maths/fractions/fraction-du-nombre-01,ba99bfe1,Fraction d'un nombre,CM1,maths,fractions,facile,1,10,,number-check,fractionDuNombre,M1.1
application,fr/applications/cm1/maths/fractions/fraction-en-lettres-01,b349d233,Fractions en lettres,CM1,maths,fractions,facile,1,10,,fraction-check,fractionEnLettres,S2.1.2
application,fr/applications/cm1/maths/fractions/trier-fractions,b7bb0d4c,Trier des fractions,CM1,maths,fractions,facile,3,18,too-long,sort,trierFractions,S3.1.2
exercice,fr/exercices/cm1/maths/fractions/conversion-denominateur-01,d25f6cac,Conversion: dénominateurs simples,CM1,maths,fractions,facile,1,6,,true-false,conversionDenominateur,S2.1.2
exercice,fr/exercices/cm1/maths/fractions/decomposer-fraction-decimale-01,a12cc67c,Décomposer une fraction décimale,CM1,maths,fractions,facile,10,10,,number-check,,S2.1.3
exercice,fr/exercices/cm1/maths/fractions/fraction-decimale-vrais-faux,a1d8f3c6,Fractions décimales: Vrai ou Faux ?,CM1,maths,fractions,facile,3,3,,true-false,,S2.1.3
exercice,fr/exercices/cm1/maths/fractions/fraction-vrai-faux,f7a2c5e9,Fractions de quantités: Vrai ou Faux ?,CM1,maths,fractions,facile,3,3,,true-false,,S2.1.4
exercice,fr/exercices/cm1/maths/fractions/fractions-01,d4fcc706,Découvrir les fractions,CM1,maths,fractions,facile,4,4,,fraction,,S2.1.3
exercice,fr/exercices/cm1/maths/fractions/fractions-02,b334e323,Fractions et formes,CM1,maths,fractions,facile,5,5,,fraction,,S2.1.3
exercice,fr/exercices/cm1/maths/fractions/operations-fractions-01,f7a8b9c0,Additionner et soustraire des fractions,CM1,maths,fractions,facile,5,5,,fraction-check,,S2.1.3
exercice,fr/exercices/cm1/maths/fractions/repr-fraction-decimale-01,c4ac9532,Représentation fraction decimale,CM1,maths,fractions,facile,5,5,,fraction-check,,S2.1.3
application,fr/applications/cm1/maths/fractions/addition-fractions,ba7fa041,Addition de fractions,CM1,maths,fractions,moyen,2,12,,matching,fractionAdditionMatching,S2.1.2
application,fr/applications/cm1/maths/fractions/classer-fractions-02,f491d458,Classer les fractions,CM1,maths,fractions,moyen,1,10,,classify,classerFractions,S2.1.2
application,fr/applications/cm1/maths/fractions/decompo-fraction-centieme,b1cc5d85,Décomposer des centièmes,CM1,maths,fractions,moyen,2,16,too-long,checkbox,decompoFraction,S2.1.3
application,fr/applications/cm1/maths/fractions/fraction-decimale-lecture,e9c4a6b2,Lire les fractions décimales,CM1,maths,fractions,moyen,3,32,too-long,number-check,fractionDecimale,S2.1.3
application,fr/applications/cm1/maths/fractions/fraction-du-nombre-02,fcbe53e0,Fraction d'un nombre,CM1,maths,fractions,moyen,1,12,,number-check,fractionDuNombre,M1.1
application,fr/applications/cm1/maths/fractions/fraction-en-lettres-02,c0e4e4d2,Fractions en lettres,CM1,maths,fractions,moyen,1,12,,fraction-check,fractionEnLettres,S2.1.2
application,fr/applications/cm1/maths/fractions/fraction-quantite,c4a9f2b7,Fraction d'une quantité,CM1,maths,fractions,moyen,1,10,,number-check,fractionQuantite,S2.1.4
application,fr/applications/cm1/maths/fractions/fractions-egales,a7b3c2e1,Fractions égales,CM1,maths,fractions,moyen,1,12,,tile-select,fractionsEgales5,S2.1.3
application,fr/applications/cm1/maths/fractions/plus-grand-fraction,c3f2a7b1,Comparer des fractions,CM1,maths,fractions,moyen,1,12,,tile-select,plusGrandeFraction,S2.1.3
application,fr/applications/cm1/maths/fractions/recomposer-fractions,e2c7a4f9,Recomposer des fractions,CM1,maths,fractions,moyen,1,10,,fraction-check,recomposerFractions,S2.1.3
exercice,fr/exercices/cm1/maths/fractions/conversion-denominateur-02,cb2f8dc8,Conversion: dénominateurs moyens,CM1,maths,fractions,moyen,1,6,,true-false,conversionDenominateur,S2.1.2
exercice,fr/exercices/cm1/maths/fractions/conversion-denominateur-04,fdaa65ed,Conversion: mélange de niveaux,CM1,maths,fractions,moyen,1,6,,true-false,conversionDenominateur,S2.1.2
exercice,fr/exercices/cm1/maths/fractions/fractions-03,efc38565,Fractions : comparer et reconnaître,CM1,maths,fractions,moyen,5,5,,mcq,,S2.1.3
exercice,fr/exercices/cm1/maths/fractions/fractions-colorier,f1c290dd,Colorie la fraction,CM1,maths,fractions,moyen,6,6,,fraction-paint,,S2.1.3
exercice,fr/exercices/cm1/maths/fractions/lire-fraction-decimale-regle,ff5bbffb,Lire une fraction sur une règle,CM1,maths,fractions,moyen,10,10,,fraction-check,,S2.1.3
exercice,fr/exercices/cm1/maths/fractions/suites-fractions-01,f20ae471,Suites de fractions,CM1,maths,fractions,moyen,5,5,,sequence,,S3.2.1
exercice,fr/exercices/cm1/maths/fractions/trier-fractions-01,d9d4b21a,Ranger des fractions dans l'ordre,CM1,maths,fractions,moyen,5,5,,drag-sort,,S2.1.3
exercice,fr/exercices/cm1/maths/fractions/trier-fractions-visuel-01,fc933771,Ranger des fractions,CM1,maths,fractions,moyen,5,5,,drag-sort,,S2.1.3
application,fr/applications/cm1/maths/fractions/fraction-du-nombre-03,d51fda54,Fraction d'un nombre,CM1,maths,fractions,difficile,1,12,,number-check,fractionDuNombre,M1.1
application,fr/applications/cm1/maths/fractions/fraction-tout,d6e1b3c8,Trouver le tout,CM1,maths,fractions,difficile,1,10,,number-check,fractionQuantite,S2.1.4
application,fr/applications/cm1/maths/fractions/operations-fractions,c344329d,Opérations sur fractions,CM1,maths,fractions,difficile,2,12,,matching,fractionAdditionMatching,S2.1.2
exercice,fr/exercices/cm1/maths/fractions/conversion-denominateur-03,c07da0b9,Conversion: grands dénominateurs,CM1,maths,fractions,difficile,1,6,,true-false,conversionDenominateur,S2.1.2
exercice,fr/exercices/cm1/maths/fractions/fractions-04,c61eb36e,Fractions : calculs et problèmes,CM1,maths,fractions,difficile,5,5,,problem,,M1.2
exercice,fr/exercices/cm1/maths/fractions/fractions-equiv-01,d9851e0c,Fractions équivalentes,CM1,maths,fractions,difficile,3,3,,true-false | mcq,,S2.1.3
exercice,fr/exercices/cm1/maths/geometrie/quadrillage-lire-01,d276738c,Lire les coordonnées d'un point,CM1,maths,geometrie,facile,5,5,,coordinate-grid,,S1.1.1
exercice,fr/exercices/cm1/maths/geometrie/quadrillage-placer-01,d50051b7,Placer un point sur le quadrillage,CM1,maths,geometrie,facile,5,5,,coordinate-grid,,S1.1.1
exercice,fr/exercices/cm1/maths/geometrie/symetrie-axe-01,e8f38b61,Axe de symétrie,CM1,maths,geometrie,facile,5,5,,tile-select,,S1.1.1
exercice,fr/exercices/cm1/maths/geometrie/axes-symetrie-01,f4f3b235,Axes de symétrie,CM1,maths,geometrie,moyen,8,8,,tile-select,,S1.1.1
exercice,fr/exercices/cm1/maths/geometrie/paralleles-perpendiculaires-01,cffc5092,Parallèles et perpendiculaires,CM1,maths,geometrie,moyen,4,4,,checkbox,,S1.1.1
exercice,fr/exercices/cm1/maths/geometrie/quadrilateres-01,e1933f9e,Les quadrilatères,CM1,maths,geometrie,moyen,3,3,,matching | true-false | mcq,,S1.1.1
exercice,fr/exercices/cm1/maths/geometrie/solides-01,b60f45bf,Les solides,CM1,maths,geometrie,moyen,3,3,,matching | true-false | mcq,,S1.1.1
exercice,fr/exercices/cm1/maths/geometrie/symetrie-01,f093620a,La symétrie,CM1,maths,geometrie,moyen,2,2,,true-false | matching,,S1.1.1
exercice,fr/exercices/cm1/maths/geometrie/symetrie-axe-02,b0622bd1,Axe de symétrie Moyen,CM1,maths,geometrie,moyen,5,5,,tile-select,,S1.1.1
exercice,fr/exercices/cm1/maths/geometrie/vrai-faux-01,c4862f32,Vrai ou faux ? Géométrie,CM1,maths,geometrie,moyen,3,3,,true-false,,S3.2.3
exercice,fr/exercices/cm1/maths/geometrie/symetrie-axe-03,c337bf90,Axe de symétrie,CM1,maths,geometrie,difficile,5,5,,tile-select,,S1.1.1
application,fr/applications/cm1/maths/logique/equations-emojis-01,e77418e9,Équations à emojis,CM1,maths,logique,facile,1,6,,emoji-equations,equationsEmojis,S3.2.2
exercice,fr/exercices/cm1/maths/logique/equations-emojis,a3f0b05b,Énigmes à emojis,CM1,maths,logique,facile,4,4,,emoji-equations,,S3.2.2
exercice,fr/exercices/cm1/maths/logique/instruments-01,ac6c54d6,Grilles logiques,CM1,maths,logique,facile,3,3,,logic-grid,,S3.2.2
exercice,fr/exercices/cm1/maths/logique/sports-01,cb08a792,Grilles logiques: Sports,CM1,maths,logique,facile,3,3,,logic-grid,,S3.2.2
application,fr/applications/cm1/maths/logique/enigmes-gen,cea07b38,Énigmes symboliques,CM1,maths,logique,moyen,1,10,,mcq,enigmeSymboles,S3.2.2
application,fr/applications/cm1/maths/logique/equations-emojis-02,edef6836,Équations à emojis (3 emojis),CM1,maths,logique,moyen,2,6,,emoji-equations,equationsEmojis,S3.2.2
application,fr/applications/cm1/maths/logique/futoshiki-4x4,b8d4a1f3,Futoshiki 4×4,CM1,maths,logique,moyen,1,6,,futoshiki,futoshikiPuzzle,S1.1.1
application,fr/applications/cm1/maths/logique/kenken-4x4,f4c8a6b1,KenKen 4×4,CM1,maths,logique,moyen,1,6,,kenken,kenkenPuzzle,S1.1.1
application,fr/applications/cm1/maths/logique/labyrinthe-mult3,a6276d73,Labyrinthe multiples de 3,CM1,maths,logique,moyen,1,6,,maze,labyrinthe,S1.1.1
application,fr/applications/cm1/maths/logique/labyrinthe-mult4,f1c8a5b7,Labyrinthe multiples de 4,CM1,maths,logique,moyen,1,6,,maze,labyrinthe,S1.1.1
application,fr/applications/cm1/maths/logique/labyrinthe-mult5,d2ce5375,Labyrinthe multiples de 5,CM1,maths,logique,moyen,1,5,,maze,labyrinthe,S1.1.1
application,fr/applications/cm1/maths/logique/labyrinthe-mult6,c2a9f4b5,Labyrinthe multiples de 6,CM1,maths,logique,moyen,1,6,,maze,labyrinthe,S1.1.1
application,fr/applications/cm1/maths/logique/numberlink-5x5,d8f2a4c6,Numberlink 5×5,CM1,maths,logique,moyen,1,5,,numberlink,numberlinkPuzzle,S1.1.1
application,fr/applications/cm1/maths/logique/venn-emojis,f445e75c,Diagramme de Venn,CM1,maths,logique,moyen,1,6,,venn,vennEmojis,S3.1.1
application,fr/applications/cm1/maths/logique/venn-formes,c48887ae,Diagramme de Venn Figures,CM1,maths,logique,moyen,1,6,,venn,vennFormes,S3.1.1
application,fr/applications/cm1/maths/logique/venn-nombres,ecb15971,Diagramme de Venn Nombres,CM1,maths,logique,moyen,1,6,,venn,vennNombres,S3.1.1
exercice,fr/exercices/cm1/maths/logique/enigmes-symboles-01,e601a55a,Énigmes symboliques,CM1,maths,logique,moyen,5,5,,mcq,,S3.2.2
exercice,fr/exercices/cm1/maths/logique/loisirs-01,df35f048,Grilles logiques: Loisirs du week-end,CM1,maths,logique,moyen,4,4,,logic-grid,,S3.2.2
exercice,fr/exercices/cm1/maths/logique/sports-02,c049ad32,Grilles logiques: Sports,CM1,maths,logique,moyen,4,4,,logic-grid,,S3.2.2
application,fr/applications/cm1/maths/logique/futoshiki-5x5,c6e2b9d5,Futoshiki 5×5,CM1,maths,logique,difficile,1,6,,futoshiki,futoshikiPuzzle,S1.1.1
application,fr/applications/cm1/maths/logique/kenken-5x5,a7e1f9d3,KenKen 5×5,CM1,maths,logique,difficile,1,5,,kenken,kenkenPuzzle,S1.1.1
application,fr/applications/cm1/maths/logique/labyrinthe-mult7,b7e1d5c3,Labyrinthe multiples de 7,CM1,maths,logique,difficile,1,6,,maze,labyrinthe,S1.1.1
application,fr/applications/cm1/maths/logique/labyrinthe-mult8,d4c8a2f6,Labyrinthe multiples de 8,CM1,maths,logique,difficile,1,6,,maze,labyrinthe,S1.1.1
application,fr/applications/cm1/maths/logique/labyrinthe-mult9,e3d6f1a8,Labyrinthe multiples de 9,CM1,maths,logique,difficile,1,6,,maze,labyrinthe,S1.1.1
application,fr/applications/cm1/maths/mesures/centimes-en-euros,a8829d9a,Convertir des centimes en euros,CM1,maths,mesures,facile,1,10,,number-check,centimesEnEuros,S2.1.2
exercice,fr/exercices/cm1/maths/mesures/distances-01,a02be157,Conversions de distances,CM1,maths,mesures,facile,5,5,,convert,,S1.1.1
exercice,fr/exercices/cm1/maths/mesures/durees-01,a4d8f92c,Équivalences de durées,CM1,maths,mesures,facile,3,3,,matching,,I1.1.1
exercice,fr/exercices/cm1/maths/mesures/masses-02,be328e30,Conversions de masses,CM1,maths,mesures,facile,5,5,,convert,,S1.1.1
exercice,fr/exercices/cm1/maths/mesures/volumes-01,b69c9d1b,Conversions de volumes,CM1,maths,mesures,facile,5,5,,convert,,S1.1.1
application,fr/applications/cm1/maths/mesures/classer-tableaux-01,aeafbbf3,"Classer des prix, distances et durées",CM1,maths,mesures,moyen,3,9,,sort,classerTableau,S3.1.2
application,fr/applications/cm1/maths/mesures/comparaison-longueurs-moyen,e703b359,Comparer des longueurs,CM1,maths,mesures,moyen,1,12,,mcq,comparerLongueurs,I1.1.2
application,fr/applications/cm1/maths/mesures/comparaison-volumes-moyen,a74baf0a,Comparer des volumes,CM1,maths,mesures,moyen,1,12,,mcq,comparerVolumes,I1.1.2
application,fr/applications/cm1/maths/mesures/perimetre-formes,b9d4e731,Périmètres de figures,CM1,maths,mesures,moyen,1,10,,number-check,perimetreFormes,S1.2.1
application,fr/applications/cm1/maths/mesures/suites-horaires-demi,a30f8314,Suites d'heures,CM1,maths,mesures,moyen,1,12,,sequence,suitesHoraires,I1.1.1
exercice,fr/exercices/cm1/maths/mesures/aires-01,f6f9d225,Les aires,CM1,maths,mesures,moyen,4,4,,true-false | number-check | mcq,,S1.1.1
exercice,fr/exercices/cm1/maths/mesures/conversions-01,d8bcb382,Conversions de mesures,CM1,maths,mesures,moyen,2,2,,convert,,S1.1.1
exercice,fr/exercices/cm1/maths/mesures/distances-02,b781c63e,Conversions de distances décimales,CM1,maths,mesures,moyen,5,5,,convert,,S1.1.1
exercice,fr/exercices/cm1/maths/mesures/durees-02,c2b7e315,Durées équivalentes,CM1,maths,mesures,moyen,5,5,,tile-select,,I1.1.1
exercice,fr/exercices/cm1/maths/mesures/masses-01,e687a02a,Mesures de masses,CM1,maths,mesures,moyen,3,3,,convert,,S1.1.1
exercice,fr/exercices/cm1/maths/mesures/masses-03,d43e9d19,Conversions de masses décimales,CM1,maths,mesures,moyen,5,5,,convert,,S1.1.1
exercice,fr/exercices/cm1/maths/mesures/perimetre-01,abc4bfc8,Le périmètre d'un polygone,CM1,maths,mesures,moyen,5,5,,mcq | number-check | true-false,,S1.1.1
exercice,fr/exercices/cm1/maths/mesures/perimetre-figures,adea4758,Périmètre de figures composées,CM1,maths,mesures,moyen,4,4,,number-check,,S1.1.1
exercice,fr/exercices/cm1/maths/mesures/perimetre-quadrillage,b4f9c3a2,Périmètre sur quadrillage,CM1,maths,mesures,moyen,4,4,,number-check,,S1.1.1
exercice,fr/exercices/cm1/maths/mesures/tableaux-mesures-01,e25e131f,Tableaux de conversions,CM1,maths,mesures,moyen,3,3,,fill-table,,S1.1.1
exercice,fr/exercices/cm1/maths/mesures/volumes-02,e9f40cd2,Conversions de volumes décimaux,CM1,maths,mesures,moyen,5,5,,convert,,S1.1.1
application,fr/applications/cm1/maths/mesures/comparaison-longueurs-difficile,d93a4bc2,Comparer des longueurs,CM1,maths,mesures,difficile,1,12,,mcq,comparerLongueurs,I1.1.2
application,fr/applications/cm1/maths/mesures/comparaison-volumes-difficile,b9fa3edd,Comparer des volumes,CM1,maths,mesures,difficile,1,12,,mcq,comparerVolumes,I1.1.2
application,fr/applications/cm1/maths/mesures/lire-heure-gen,bbe6f490,Lire l'heure,CM1,maths,mesures,difficile,1,10,,clock,lireHeure,I1.1.1
exercice,fr/exercices/cm1/maths/mesures/calendrier-01,f32ae935,Lire un calendrier,CM1,maths,mesures,difficile,3,3,,multi-question,,I1.1.1
exercice,fr/exercices/cm1/maths/mesures/durees-03,e7f3a891,Comparer les durées,CM1,maths,mesures,difficile,3,3,,compare,,I1.1.1
application,fr/applications/cm1/maths/numeration/ajouter-valeur-pos-facile,cb6ff142,Ajouter des milliers,CM1,maths,numeration,facile,1,12,,number-check,ajouterPositionnel,S2.1.2
application,fr/applications/cm1/maths/numeration/blocs-valeur-position-01,c4f2a801,Valeur de position,CM1,maths,numeration,facile,1,8,,click-blocks,blocsValeurPosition,S2.1.2
application,fr/applications/cm1/maths/numeration/multiples-facile,c122ce8b,"Multiples de 2, 3 et 10",CM1,maths,numeration,facile,3,30,too-long,checkbox,multiplesOf,S3.2.1
application,fr/applications/cm1/maths/numeration/position-chiffre-01,a3e7c501,Position d'un chiffre,CM1,maths,numeration,facile,2,16,too-long,mcq,positionChiffre,S2.1.2
exercice,fr/exercices/cm1/maths/numeration/tableau-numeration-01,ead5bb7c,Tableau de numération,CM1,maths,numeration,facile,3,3,,fill-table,,S1.1.1
application,fr/applications/cm1/maths/numeration/ajouter-valeur-pos-moyen,e8e8f69a,Dizaines de milliers,CM1,maths,numeration,moyen,1,12,,number-check,ajouterPositionnel,S2.1.2
application,fr/applications/cm1/maths/numeration/arrondir-millier,faa99708,Arrondir au millier,CM1,maths,numeration,moyen,1,10,,number-check,arrondirNombre,S3.1.2
application,fr/applications/cm1/maths/numeration/comparer-grands-nombres,ed911252,Comparer de grands nombres,CM1,maths,numeration,moyen,1,10,,tile-select,comparerNombres,S3.1.1
application,fr/applications/cm1/maths/numeration/lire-boulier,fb493520,Lire le boulier,CM1,maths,numeration,moyen,3,18,too-long,number-check,lireAbacus,S2.1.2
application,fr/applications/cm1/maths/numeration/multiples-moyen,f2527889,Multiples,CM1,maths,numeration,moyen,4,40,too-long,checkbox,multiplesOf,S3.2.1
application,fr/applications/cm1/maths/numeration/multiples-tile-01,d8b8c564,Multiples,CM1,maths,numeration,moyen,1,12,,tile-select,multiplesOfTile,S3.2.1
application,fr/applications/cm1/maths/numeration/nombre-chiffres-01,abad7b97,Combien de chiffres,CM1,maths,numeration,moyen,1,10,,tile-select,nombreChiffresSelect,S2.1.2
application,fr/applications/cm1/maths/numeration/place-valeur-01,ea8d26cf,Valeur des chiffres,CM1,maths,numeration,moyen,1,15,too-long,number-check,chiffrePlaceValeur,S2.1.2
application,fr/applications/cm1/maths/numeration/suites-cm1,ba6f874d,Suites arithmétiques,CM1,maths,numeration,moyen,1,10,,sequence,compterDeNCE1,S3.2.1
application,fr/applications/cm1/maths/numeration/suites-controle-01,b2025e33,Suites à compléter,CM1,maths,numeration,moyen,2,10,,sequence,suiteAvecControle,S3.2.1
application,fr/applications/cm1/maths/numeration/tableau-decimaux,bc136cd6,Tableau de numération,CM1,maths,numeration,moyen,1,13,too-long,fill-table,decompoTableauDecimal,S2.1.2
application,fr/applications/cm1/maths/numeration/tableau-grands-nombres,f6705ac3,Tableau de numération,CM1,maths,numeration,moyen,2,13,too-long,fill-table,decompoTableau,S2.1.2
exercice,fr/exercices/cm1/maths/numeration/comparer-01,c5bb5e45,Comparer des nombres,CM1,maths,numeration,moyen,3,3,,compare,,S3.1.1
exercice,fr/exercices/cm1/maths/numeration/grands-nombres-01,b19c9737,Les grands nombres,CM1,maths,numeration,moyen,3,3,,multi-question | mcq,,S1.1.1
exercice,fr/exercices/cm1/maths/numeration/lire-nombres-100,e7a1bc77,Lire des nombres 1 à 100,CM1,maths,numeration,moyen,10,10,,number-check,,S1.1.1
exercice,fr/exercices/cm1/maths/numeration/lire-nombres-10000,e8b18364,Lire des nombres jusqu'à 10 000,CM1,maths,numeration,moyen,10,10,,number-check,,S1.1.1
exercice,fr/exercices/cm1/maths/numeration/multiples-01,f02ee57a,Multiples et diviseurs,CM1,maths,numeration,moyen,3,3,,true-false | mcq,,S3.2.3
exercice,fr/exercices/cm1/maths/numeration/nombre-mysterieux-01,afba8bfd,Nombre mystérieux,CM1,maths,numeration,moyen,5,5,,number-check,,S2.1.2
exercice,fr/exercices/cm1/maths/numeration/nombre-romains-series-01,aa4499b5,Serie nombre romains,CM1,maths,numeration,moyen,3,3,,sequence,,S3.2.1
application,fr/applications/cm1/maths/numeration/ajouter-valeur-pos-difficile,a93ea63b,Ajouter une valeur,CM1,maths,numeration,difficile,1,12,,number-check,ajouterPositionnel,S2.1.2
application,fr/applications/cm1/maths/numeration/multiples-classer-01,dbac61df,Classer les multiples,CM1,maths,numeration,difficile,1,12,,classify,classerMultiples,S3.2.1
application,fr/applications/cm1/maths/numeration/multiples-difficile,a13db7d9,Multiples de dizaines,CM1,maths,numeration,difficile,2,20,too-long,checkbox,multiplesOf,S3.2.1
exercice,fr/exercices/cm1/maths/numeration/encadrement-01,f8e3b0b3,Encadrement au millier,CM1,maths,numeration,difficile,3,3,,bounding,,S1.1.1
exercice,fr/exercices/cm1/maths/numeration/lire-nombres-100M,abbae970,Lire des très grands nombres,CM1,maths,numeration,difficile,10,10,,number-check,,S1.1.1
exercice,fr/exercices/cm1/maths/problemes/03,e8a47d16,Problèmes variés III,CM1,maths,problemes,facile,8,8,,problem,,A1.1
exercice,fr/exercices/cm1/maths/problemes/02,d64a7ef8,Problèmes variés II,CM1,maths,problemes,moyen,9,9,,problem,,M1.1
exercice,fr/exercices/cm1/maths/problemes/bar-model-parties,cee25c59,Modèle en barres: parties et tout,CM1,maths,problemes,moyen,3,3,,bar-model,,A1
exercice,fr/exercices/cm1/maths/problemes/bilan-variations-01,fdb9e19f,Bilan de deux changements,CM1,maths,problemes,moyen,5,5,,problem,,A4.1
exercice,fr/exercices/cm1/maths/problemes/combien-de-fois-01,c43379bd,Combien de fois plus grand ?,CM1,maths,problemes,moyen,5,5,,problem,,M2.2
exercice,fr/exercices/cm1/maths/problemes/combinatoire-01,d62d3183,Combien de combinaisons ?,CM1,maths,problemes,moyen,5,5,,problem,,M3.2
exercice,fr/exercices/cm1/maths/problemes/comparaison-referent-01,e0491da4,Trouver le référent,CM1,maths,problemes,moyen,5,5,,problem,,A3.3
exercice,fr/exercices/cm1/maths/problemes/composition-transformations-01,d3e4f5a6,"Deux changements, quel bilan ?",CM1,maths,problemes,moyen,5,5,,problem,,A4.2
exercice,fr/exercices/cm1/maths/problemes/deux-etapes-a2-m1,ae309459,Problèmes en deux étapes,CM1,maths,problemes,moyen,4,4,,problem,,S1.1.1
exercice,fr/exercices/cm1/maths/problemes/deux-etapes-m1-a3,de45edef,Problèmes en deux étapes,CM1,maths,problemes,moyen,4,4,,problem,,S1.1.1
exercice,fr/exercices/cm1/maths/problemes/division-groupement-01,a3849682,Combien de groupes ?,CM1,maths,problemes,moyen,5,5,,problem,,M1.3
exercice,fr/exercices/cm1/maths/problemes/erreur-a24,f3d50061,Trouver l'erreur : retrouver le départ,CM1,maths,problemes,moyen,3,3,,error-analysis,,A2.4
exercice,fr/exercices/cm1/maths/problemes/erreur-a33,bdb2667e,"Trouver l'erreur : « de plus », « de moins »",CM1,maths,problemes,moyen,3,3,,error-analysis,,A3.3
exercice,fr/exercices/cm1/maths/problemes/guided-mesures-02,f97d3d29,Problèmes de durées avancés: guidés,CM1,maths,problemes,moyen,3,3,,guided-problem,,A3.3
exercice,fr/exercices/cm1/maths/problemes/guided-proportionnalite,f1a83c67,Proportionnalité: guidé,CM1,maths,problemes,moyen,3,3,,guided-problem,,M1.3
exercice,fr/exercices/cm1/maths/problemes/modelisation-01,f06ea123,Modéliser avec un tableau,CM1,maths,problemes,moyen,5,5,,multi-question,,S1.1.1
exercice,fr/exercices/cm1/maths/problemes/piege-du-capitaine,e8746e7d,Le piège du capitaine,CM1,maths,problemes,moyen,6,6,,mcq,,S3.2.2
exercice,fr/exercices/cm1/maths/problemes/problemes-inverses,aae14bff,Problèmes inverses,CM1,maths,problemes,moyen,4,4,,inverse-problem,,S1.1.1
exercice,fr/exercices/cm1/maths/problemes/transformation-etat-initial-01,d5e6f7a8,Quel était le début ?,CM1,maths,problemes,moyen,5,5,,problem,,A2.4
exercice,fr/exercices/cm1/maths/problemes/transformation-inconnue-01,ae893f4e,Que s'est-il passé ?,CM1,maths,problemes,moyen,5,5,,problem,,A2.3
exercice,fr/exercices/cm1/maths/problemes/valeur-unitaire-01,e4d3c2b1,Trouver la valeur à l'unité,CM1,maths,problemes,moyen,5,5,,multi-question,,S1.1.1
exercice,fr/exercices/cm1/maths/problemes/01,e2bfbe35,Problèmes variés I,CM1,maths,problemes,difficile,4,4,,problem,,M1.1
exercice,fr/exercices/cm1/maths/problemes/bar-model-comparaison,c5c24ada,Modèle en barres: comparaison,CM1,maths,problemes,difficile,3,3,,bar-model,,A3
exercice,fr/exercices/cm1/maths/problemes/bar-model-proportionnalite,fb8839ba,Modèle en barres: proportionnalité,CM1,maths,problemes,difficile,3,3,,bar-model,,M1
exercice,fr/exercices/cm1/maths/problemes/bilan-variations-02,ed68391f,Bilan de deux changements,CM1,maths,problemes,difficile,5,5,,problem,,A4.1
exercice,fr/exercices/cm1/maths/problemes/comparaison-referent-02,c8d9e0f1,Trouver le référent,CM1,maths,problemes,difficile,5,5,,problem,,A3.3
exercice,fr/exercices/cm1/maths/problemes/deux-etapes-m2-a1,ab3c9e08,Problèmes en deux étapes,CM1,maths,problemes,difficile,4,4,,problem,,S1.1.1
exercice,fr/exercices/cm1/maths/problemes/erreur-m23,a5f99073,Trouver l'erreur : « fois plus »,CM1,maths,problemes,difficile,3,3,,error-analysis,,M2.3
exercice,fr/exercices/cm1/maths/problemes/fois-plus-base-01,dfe88439,Trouver la valeur de départ,CM1,maths,problemes,difficile,5,5,,problem,,M2.3
exercice,fr/exercices/cm1/maths/problemes/fois-plus-base-02,d9e0f1a2,Trouver la valeur de départ,CM1,maths,problemes,difficile,5,5,,problem,,M2.3
exercice,fr/exercices/cm1/maths/problemes/guided-a33,af2e1cba,Comparer: trouver le référent,CM1,maths,problemes,difficile,3,3,,guided-problem,,A3.3
exercice,fr/exercices/cm1/maths/problemes/guided-a4,cdbd28b7,Composer des transformations: guidé,CM1,maths,problemes,difficile,3,3,,guided-problem,,A4
exercice,fr/exercices/cm1/maths/problemes/guided-fractions-01,b4e96d15,Fractions dans les problèmes: guidé,CM1,maths,problemes,difficile,3,3,,guided-problem,,N4.1
exercice,fr/exercices/cm1/maths/problemes/guided-m2,b1ae74ef,Comparaison multiplicative: guidé,CM1,maths,problemes,difficile,3,3,,guided-problem,,M2
exercice,fr/exercices/cm1/maths/problemes/guided-m23,e27de369,Scalaire: trouver la base,CM1,maths,problemes,difficile,3,3,,guided-problem,,M2.3
exercice,fr/exercices/cm1/maths/problemes/guided-m3,db1cd1d0,Produit de mesures: guidé,CM1,maths,problemes,difficile,3,3,,guided-problem,,M3
exercice,fr/exercices/cm1/maths/problemes/transformation-etat-initial-02,abb2dab3,Quel était le début ?,CM1,maths,problemes,difficile,5,5,,problem,,A2.4
application,fr/applications/cm1/maths/proportions/proportion-01,a0b1c2d3,Tableaux de proportionnalité,CM1,maths,proportions,facile,1,6,,fill-table,tableauProportion,S2.2.2
application,fr/applications/cm1/maths/proportions/proportion-02,e274aeb3,Tableaux de proportionnalité,CM1,maths,proportions,moyen,1,6,,fill-table,tableauProportion,S2.2.2
exercice,fr/exercices/cm1/maths/proportions/proportionnalite-01,f6706022,Tableaux de proportionnalité,CM1,maths,proportions,moyen,3,3,,fill-table,,S1.1.1
application,fr/applications/cm1/maths/proportions/proportion-03,c2d3e4f5,Tableaux de proportionnalité,CM1,maths,proportions,difficile,1,6,,fill-table,tableauProportion,S2.2.2
application,fr/applications/cm2/maths/calcul/astuce-dizaine-sup-facile,c95a7c39,"Ajouter ou soustraire 9, 19… 99 : pas à pas",CM2,maths,calcul,facile,1,10,,calc-chain,astuceDizaineSup,S1.1.3
application,fr/applications/cm2/maths/calcul/multiplication-tables,ec2a1126,Tables de multiplication,CM2,maths,calcul,facile,1,12,,number-check,multiplicationSimple,S1.1.1
defi,fr/defis/cm2/maths/calcul/calcul-rapide-01,b1f010fe,Calcul rapide CM2,CM2,maths,calcul,facile,1,60,too-long,number-check,fluencyMix,S1.1.1
application,fr/applications/cm2/maths/calcul/ajouter-decimaux,ea7f22c8,Additions de décimaux,CM2,maths,calcul,moyen,1,12,,number-check,additionDecimaux,S1.1.3
application,fr/applications/cm2/maths/calcul/astuce-dizaine-sup-moyen,f80b1056,"Ajouter ou soustraire 9, 19… 99 : de tête",CM2,maths,calcul,moyen,1,10,,number-check,astuceDizaineSup,S1.1.3
application,fr/applications/cm2/maths/calcul/div-puissances-10-01,bd4c42a2,"Diviser par 10, 100, 1 000",CM2,maths,calcul,moyen,1,10,,number-check,divDecimales,S1.1.3
application,fr/applications/cm2/maths/calcul/division-simple,d240646a,Divisions,CM2,maths,calcul,moyen,1,12,,number-check,divisionSimple,S1.1.1
application,fr/applications/cm2/maths/calcul/ecritures-nombre-01,ca2694b1,Écritures d'un nombre,CM2,maths,calcul,moyen,1,8,,number-forms,ecrituresNombre,S1.1.3
application,fr/applications/cm2/maths/calcul/equilibrer-mult-01,da8b7ab6,Équilibrer des multiplications,CM2,maths,calcul,moyen,1,12,,number-check,equilibrerOp,S2.2.2
application,fr/applications/cm2/maths/calcul/mult-puissances-10-01,dba70bab,"Multiplier par 10, 100, 1 000",CM2,maths,calcul,moyen,1,10,,number-check,multDecimales,S1.1.3
application,fr/applications/cm2/maths/calcul/schemas-operateurs-01,fe1fb044,Schémas d'opérateurs et décimaux,CM2,maths,calcul,moyen,2,8,,op-triangle,triangleOperateurs,S1.1.3
application,fr/applications/cm2/maths/calcul/soustraire-decimaux,cbca5772,Soustractions de décimaux,CM2,maths,calcul,moyen,1,12,,number-check,soustractionDecimaux,S1.1.3
defi,fr/defis/cm2/maths/calcul/calcul-rapide-02,b876c92d,Calcul rapide CM2,CM2,maths,calcul,moyen,1,60,too-long,number-check,fluencyMix,S1.1.1
exercice,fr/exercices/cm2/maths/calcul/comparer-expressions-01,f2b129c7,Comparer des expressions sans calculer,CM2,maths,calcul,moyen,4,4,,compare-expressions,,
exercice,fr/exercices/cm2/maths/calcul/estimation-01,f3161bb2,Estimer puis calculer,CM2,maths,calcul,moyen,5,5,,estimation,,
application,fr/applications/cm2/maths/calcul/comparer-ops-nombre,ff455797,Comparer des expressions,CM2,maths,calcul,difficile,1,10,,compare,comparerOpNombre,S3.1.1
application,fr/applications/cm2/maths/calcul/decodage-emojis,be6bb77f,Décodage d'Emojis,CM2,maths,calcul,difficile,1,10,,number-check,decodageEmojis,S2.1.4
application,fr/applications/cm2/maths/calcul/decodage-monstres,e7def21d,Décodage de Monstres,CM2,maths,calcul,difficile,1,10,,number-check,decodageEmojis,S2.1.4
application,fr/applications/cm2/maths/calcul/machine-decouverte,f024db3e,Découvre la règle,CM2,maths,calcul,difficile,1,8,,function-machine,functionMachineDiscover,S1.1.3
application,fr/applications/cm2/maths/calcul/machine-fonctions,feb5f319,Machine à fonctions,CM2,maths,calcul,difficile,1,8,,function-machine,functionMachineCompute,S1.1.1
application,fr/applications/cm2/maths/calcul/multi-decimal-pow10-difficile,aca4a3b9,Multiplier des décimaux,CM2,maths,calcul,difficile,1,12,,number-check,multiDecimalPuissance10,S2.1.2
application,fr/applications/cm2/maths/calcul/schemas-operateurs-02,b8ac9e59,Schémas d'opérateurs : défis,CM2,maths,calcul,difficile,2,8,,op-triangle,triangleOperateurs,S1.1.3
application,fr/applications/cm2/maths/calcul/table-fonction-decouverte,e5a30003,Trouve la règle,CM2,maths,calcul,difficile,1,12,,fill-table,tableEntreeSortie,S2.2.2
application,fr/applications/cm2/maths/calcul/triangle-arithmetique,d91b649d,Triangle arithmétique,CM2,maths,calcul,difficile,1,8,,tri-arith,triArith,S1.2.2
defi,fr/defis/cm2/maths/calcul/calcul-rapide-03,fe577b08,Calcul rapide CM2,CM2,maths,calcul,difficile,1,60,too-long,number-check,fluencyMix,S1.1.1
exercice,fr/exercices/cm2/maths/calcul/ecritures-nombre-01,faf3eab7,Écritures d'un nombre,CM2,maths,calcul,difficile,4,4,,number-forms,,S1.1.3
exercice,fr/exercices/cm2/maths/calcul/pyramides-01,a21f1dae,Pyramides de grands nombres,CM2,maths,calcul,difficile,5,5,,pyramid,,S1.2.2
exercice,fr/exercices/cm2/maths/calcul/pyramides-decimaux-01,fee25a49,Pyramides de nombres décimaux,CM2,maths,calcul,difficile,5,5,,pyramid,,S1.2.2
application,fr/applications/cm2/maths/decimaux/comparer-decimaux,ae07cd51,Comparer des décimaux,CM2,maths,decimaux,moyen,1,12,,compare,comparerDecimaux,S3.1.1
application,fr/applications/cm2/maths/decimaux/trier-decimaux,d941e7c0,Trier des décimaux,CM2,maths,decimaux,moyen,1,12,,drag-sort,trierDecimaux,S3.1.2
exercice,fr/exercices/cm2/maths/decimaux/decimaux-01,ca8c7c81,Les nombres décimaux,CM2,maths,decimaux,moyen,5,5,,true-false | mcq | sort | multi-question,,S1.1.1
application,fr/applications/cm2/maths/decimaux/suites-controle-02,bc18c893,Suites de décimaux à compléter,CM2,maths,decimaux,difficile,1,10,,sequence,suiteAvecControle,S3.2.1
application,fr/applications/cm2/maths/decimaux/trier-decimaux-difficile,a57e3a5a,Ranger des décimaux,CM2,maths,decimaux,difficile,1,12,,drag-sort,trierDecimaux,S3.1.2
exercice,fr/exercices/cm2/maths/decimaux/suites-decimaux-01,b001457d,Suites de nombres décimaux,CM2,maths,decimaux,difficile,5,5,,sequence,,S3.2.1
exercice,fr/exercices/cm2/maths/fractions/bases-01,afc3c4ff,Introduction aux fractions,CM2,maths,fractions,moyen,3,3,,problem,,M1.2
exercice,fr/exercices/cm2/maths/fractions/operations-01,eea77cc4,Opérations sur les fractions,CM2,maths,fractions,moyen,5,5,,mcq | true-false,,S2.1.3
exercice,fr/exercices/cm2/maths/fractions/operations-fractions-01,b5a89d81,Additionner et soustraire des fractions,CM2,maths,fractions,moyen,5,5,,fraction-check,,S2.1.3
exercice,fr/exercices/cm2/maths/fractions/visuel-01,b7c4e039,Représenter des fractions,CM2,maths,fractions,moyen,5,5,,fraction,,S2.1.3
application,fr/applications/cm2/maths/fractions/trier-fractions,cb798ab0,Trier des fractions,CM2,maths,fractions,difficile,1,12,,sort,trierFractions,S2.1.3
exercice,fr/exercices/cm2/maths/fractions/suites-fractions-01,ff6bf035,Suites de fractions,CM2,maths,fractions,difficile,5,5,,sequence,,S3.2.1
application,fr/applications/cm2/maths/logique/equations-emojis-01,b294032c,Équations à emojis,CM2,maths,logique,moyen,2,6,,emoji-equations,equationsEmojis,S3.2.2
application,fr/applications/cm2/maths/logique/venn-formes,ad392f11,Diagramme de Venn Figures,CM2,maths,logique,moyen,1,6,,venn,vennFormes,S3.1.1
application,fr/applications/cm2/maths/logique/venn-nombres,d7e6b5c8,Diagramme de Venn Nombres,CM2,maths,logique,moyen,1,8,,venn,vennNombres,S3.1.1
application,fr/applications/cm2/maths/logique/equations-emojis-02,c3527948,Équations à emojis et priorités,CM2,maths,logique,difficile,1,6,,emoji-equations,equationsEmojis,S3.2.2
application,fr/applications/cm2/maths/logique/labyrinthe-impairs,ea2bfcd7,Labyrinthe nombres impairs,CM2,maths,logique,difficile,1,6,,maze,labyrinthe,S1.1.1
application,fr/applications/cm2/maths/logique/venn-emojis,b48ed308,Diagramme de Venn,CM2,maths,logique,difficile,1,8,,venn,vennEmojis,S3.1.1
application,fr/applications/cm2/maths/mesures/perimetre,eed09cbe,Périmètre de figures,CM2,maths,mesures,facile,1,12,,number-check,perimetreFormes,S1.2.1
application,fr/applications/cm2/maths/mesures/centimes-en-euros,dd7c9a99,Convertir des centimes en euros,CM2,maths,mesures,moyen,1,10,,number-check,centimesEnEuros,S2.1.2
application,fr/applications/cm2/maths/mesures/compter-porte-monnaie,e215c0cd,Compter un porte-monnaie,CM2,maths,mesures,moyen,1,8,,multi-question,porteMonnaie,S2.1.1
application,fr/applications/cm2/maths/mesures/perimetre-deduction,a8db1da0,Périmètres côtés manquants,CM2,maths,mesures,moyen,4,4,,number-check,,S1.2.1
application,fr/applications/cm2/maths/mesures/rendre-monnaie-billet,a6689256,Rendre la monnaie sur un billet,CM2,maths,mesures,moyen,1,10,,number-check,rendreMonnaie,S1.1.3
exercice,fr/exercices/cm2/maths/mesures/aires-01,ec163b25,Les aires,CM2,maths,mesures,moyen,5,5,,number-check | mcq | true-false,,S1.1.1
application,fr/applications/cm2/maths/mesures/classer-tableaux-01,c1b8ee38,"Classer des prix, distances et durées",CM2,maths,mesures,difficile,3,9,,sort,classerTableau,S3.1.2
application,fr/applications/cm2/maths/mesures/comparer-longueurs,f2f5b01e,Comparer des longueurs,CM2,maths,mesures,difficile,1,12,,mcq,comparerLongueurs,I1.1.2
application,fr/applications/cm2/maths/mesures/comparer-volumes,b1dc5d23,Comparer des volumes,CM2,maths,mesures,difficile,1,12,,mcq,comparerVolumes,I1.1.2
application,fr/applications/cm2/maths/mesures/perimetre-mixte,f31bec2f,Convertir les périmètres,CM2,maths,mesures,difficile,5,5,,number-check,,S1.2.1
application,fr/applications/cm2/maths/mesures/suites-horaires-quart,f7adbc1a,Suites d'heures,CM2,maths,mesures,difficile,1,12,,sequence,suitesHoraires,I1.1.1
exercice,fr/exercices/cm2/maths/mesures/perimetre-figures,abb6dc38,Périmètre de figures composées,CM2,maths,mesures,difficile,6,6,,number-check,,S1.1.1
exercice,fr/exercices/cm2/maths/mesures/perimetre-quadrillage-02,ee2325b2,Périmètre sur quadrillage 2,CM2,maths,mesures,difficile,6,6,,number-check,,S1.1.1
exercice,fr/exercices/cm2/maths/numeration/comparer-01,df93ac15,Comparer des grands nombres,CM2,maths,numeration,facile,3,3,,compare,,S3.1.1
application,fr/applications/cm2/maths/numeration/blocs-valeur-position-01,c7f3e056,Valeur de position,CM2,maths,numeration,moyen,1,8,,click-blocks,blocsValeurPosition,S2.1.2
application,fr/applications/cm2/maths/numeration/comparer-grands-nombres,c7bf03f0,Comparer des grands nombres,CM2,maths,numeration,moyen,1,12,,compare,comparerNombresPaires,S3.1.1
application,fr/applications/cm2/maths/numeration/suites-controle-01,f9ed2a85,Suites à compléter,CM2,maths,numeration,moyen,3,10,,sequence,suiteAvecControle,S3.2.1
exercice,fr/exercices/cm2/maths/numeration/chiffres-01,a7812abd,Écris en chiffres,CM2,maths,numeration,moyen,6,6,,number-check,,S2.1.2
exercice,fr/exercices/cm2/maths/numeration/observer-01,f35de3a4,Observe et réponds,CM2,maths,numeration,moyen,3,3,,multi-question,,S1.1.1
exercice,fr/exercices/cm2/maths/numeration/quiz-01,ebee643c,Quiz numération,CM2,maths,numeration,moyen,6,6,,mcq,,S1.1.1
exercice,fr/exercices/cm2/maths/numeration/recomposer-01,e01e8c83,Recompose les nombres,CM2,maths,numeration,moyen,6,6,,number-check,,S1.1.1
application,fr/applications/cm2/maths/numeration/decimal-triple-01,d485814b,Triple représentation,CM2,maths,numeration,difficile,1,10,,decimal-triple,decimalTriple,S2.1.2
exercice,fr/exercices/cm2/maths/problemes/problemes-inverses,dba4c7fd,Problèmes inverses,CM2,maths,problemes,moyen,4,4,,inverse-problem,,S1.1.1
exercice,fr/exercices/cm2/maths/problemes/quotidien-01,a2932209,Problèmes du quotidien,CM2,maths,problemes,moyen,5,5,,problem | multi-question,,A2.2
exercice,fr/exercices/cm2/maths/proportions/pourcentages-01,f7681d0e,Les pourcentages,CM2,maths,proportions,moyen,5,5,,true-false | number-check | mcq | problem,,S1.1.1
exercice,fr/exercices/cm2/maths/proportions/proportionnalite-01,b04d00c3,La proportionnalité,CM2,maths,proportions,moyen,4,4,,fill-table | mcq,,S1.1.1
exercice,fr/exercices/cm2/maths/proportions/proportionnalite-02,fb5d68f8,Tableaux et problèmes de proportion,CM2,maths,proportions,moyen,5,5,,fill-table | problem,,M3.1
exercice,fr/exercices/cm2/maths/proportions/vocabulaire-01,f9d2a561,Fractions et pourcentages,CM2,maths,proportions,moyen,3,3,,select,,S2.1.3